<!DOCTYPE PATCH  SYSTEM "http://vvvv.org/versions/vvvv45beta33.7.dtd" >
   <PATCH nodename="C:\Users\Kyle\Desktop\Dropbox\VVVV Files\vvvv_45beta33.7_x64\packs\InstanceNoodles\nodes\modules\DX11.GeomFX\PipeFrame (DX11.GeomFX)\PipeFrame (DX11.GeomFX).v4p" systemname="Line2Pipe (GSFX)" filename="C:\Users\Kyle\Desktop\Dropbox\VVVV Files\VVVV.Happy\modules\!DX11\GeomFX\Line2Pipe (GSFX).v4p" scrollx="0" scrolly="0">
   <BOUNDS type="Window" left="4155" top="2985" width="9780" height="9780">
   </BOUNDS>
   <PACK Name="addonpack" Version="33.7.0">
   </PACK>
   <NODE nodename="IOBox (Node)" componentmode="InABox" id="59" systemname="IOBox (Node)">
   <BOUNDS type="Box" left="285" top="7350" width="990" height="240">
   </BOUNDS>
   <BOUNDS type="Node" left="285" top="7350" width="0" height="0">
   </BOUNDS>
   <PIN pinname="Descriptive Name" slicecount="1" values="|Geometry Out|">
   </PIN>
   <PIN pinname="Input Node" slicecount="1" visible="1" values="||">
   </PIN>
   </NODE>
   <NODE nodename="IOBox (Node)" componentmode="InABox" id="60" systemname="IOBox (Node)">
   <BOUNDS type="Box" left="165" top="480" width="795" height="240">
   </BOUNDS>
   <BOUNDS type="Node" left="165" top="480" width="0" height="0">
   </BOUNDS>
   <PIN pinname="Input Node" slicecount="1" values="||">
   </PIN>
   <PIN pinname="Descriptive Name" slicecount="1" values="|Geometry In|">
   </PIN>
   <PIN pinname="Output Node" visible="1">
   </PIN>
   </NODE>
   <NODE nodename="IOBox (Value Advanced)" componentmode="InABox" id="62" systemname="IOBox (Value Advanced)">
   <BOUNDS type="Box" left="8370" top="345" width="480" height="480">
   </BOUNDS>
   <BOUNDS type="Node" left="8370" top="345" width="0" height="0">
   </BOUNDS>
   <PIN pinname="Y Input Value" slicecount="1" values="1">
   </PIN>
   <PIN pinname="Units" slicecount="1" values="||">
   </PIN>
   <PIN pinname="Precision" slicecount="1" values="4">
   </PIN>
   <PIN pinname="Value Type" slicecount="1" values="Boolean">
   </PIN>
   <PIN pinname="Behavior" slicecount="1" values="Toggle">
   </PIN>
   <PIN pinname="Descriptive Name" slicecount="1" values="Enabled">
   </PIN>
   <PIN pinname="Y Output Value" visible="1">
   </PIN>
   <PIN pinname="X Input Value" slicecount="1" values="1">
   </PIN>
   </NODE>
   <NODE systemname="Line2Pipe (DX11.GeomFX)" filename="%VVVV%\packs\InstanceNoodles\nodes\modules\DX11.GeomFX\PipeFrame (DX11.GeomFX)\Line2Pipe.gsfx" nodename="Line2Pipe (DX11.GeomFX)" componentmode="Hidden" id="40">
   <BOUNDS type="Node" left="255" top="4320" width="2250" height="270">
   </BOUNDS>
   <PIN pinname="Geometry Out" visible="1">
   </PIN>
   <PIN pinname="Geometry In" visible="1" slicecount="1" values="||">
   </PIN>
   <PIN pinname="Displace">
   </PIN>
   <PIN pinname="Phase" visible="1">
   </PIN>
   <PIN pinname="anim_a" visible="1">
   </PIN>
   <PIN pinname="anim_b" visible="1">
   </PIN>
   <PIN pinname="anim_c" visible="1">
   </PIN>
   <PIN pinname="Epsilon" visible="1">
   </PIN>
   <PIN pinname="FlatNormals" slicecount="1" values="0">
   </PIN>
   <PIN pinname="View" visible="1" slicecount="1" values="||">
   </PIN>
   <PIN pinname="Projection" visible="1" slicecount="1" values="||">
   </PIN>
   <PIN pinname="As Auto" slicecount="1" values="1">
   </PIN>
   <PIN pinname="Max Elements" visible="1" slicecount="1" values="616896">
   </PIN>
   <PIN pinname="Auto Layout" slicecount="1" values="0">
   </PIN>
   <PIN pinname="Enabled">
   </PIN>
   <PIN pinname="Output Layout" visible="1" slicecount="1" values="||">
   </PIN>
   <PIN pinname="Query" visible="1">
   </PIN>
   <PIN pinname="bbMinXYZ" visible="1">
   </PIN>
   <PIN pinname="bbMaxXYZ" visible="1">
   </PIN>
   <PIN pinname="param1">
   </PIN>
   <PIN pinname="param2">
   </PIN>
   <PIN pinname="param3">
   </PIN>
   <PIN pinname="tW">
   </PIN>
   <PIN pinname="param4">
   </PIN>
   <PIN pinname="ScaleXY">
   </PIN>
   <PIN pinname="OffsetXY">
   </PIN>
   <PIN pinname="Surface">
   </PIN>
   <PIN pinname="TextureSpace">
   </PIN>
   <PIN pinname="Amount">
   </PIN>
   <PIN pinname="TriangleSize" slicecount="1" visible="1" values="0.84">
   </PIN>
   <PIN pinname="Thickness" visible="1" slicecount="1" values="0.02">
   </PIN>
   <PIN pinname="bThickness" visible="1" slicecount="1" values="||">
   </PIN>
   <PIN pinname="iidb" visible="1" slicecount="1" values="||">
   </PIN>
   <PIN pinname="ThicknessValue" visible="1" slicecount="1" values="0.008">
   </PIN>
   <PIN pinname="Technique Valid" visible="1">
   </PIN>
   <PIN pinname="Buffer Out" visible="1">
   </PIN>
   <PIN pinname="widthDefualt" visible="1">
   </PIN>
   <PIN pinname="bWidth" visible="1" slicecount="1" values="||">
   </PIN>
   <PIN pinname="widthIndexing" visible="1">
   </PIN>
   <PIN pinname="Technique" slicecount="1" values="PipeFrameNoDiagonals" visible="1">
   </PIN>
   </NODE>
   <LINK srcnodeid="62" srcpinname="Y Output Value" dstnodeid="40" dstpinname="Enabled">
   </LINK>
   <NODE nodename="IOBox (Node)" componentmode="InABox" id="69" systemname="IOBox (Node)">
   <BOUNDS type="Box" left="2580" top="1170" width="795" height="240">
   </BOUNDS>
   <BOUNDS type="Node" left="2580" top="1170" width="0" height="0">
   </BOUNDS>
   <PIN pinname="Input Node" slicecount="1" visible="1" values="||">
   </PIN>
   <PIN pinname="Descriptive Name" slicecount="1" values="|Width Buffer|">
   </PIN>
   <PIN pinname="Output Node" visible="1">
   </PIN>
   </NODE>
   <LINK srcnodeid="69" srcpinname="Output Node" dstnodeid="40" dstpinname="bThickness">
   </LINK>
   <NODE nodename="IOBox (Node)" componentmode="InABox" id="74" systemname="IOBox (Node)">
   <BOUNDS type="Box" left="1200" top="480" width="795" height="240">
   </BOUNDS>
   <BOUNDS type="Node" left="1200" top="480" width="0" height="0">
   </BOUNDS>
   <PIN pinname="Input Node" slicecount="1" visible="1" values="||">
   </PIN>
   <PIN pinname="Descriptive Name" slicecount="1" values="IID">
   </PIN>
   <PIN pinname="Output Node" visible="1">
   </PIN>
   </NODE>
   <LINK srcnodeid="74" srcpinname="Output Node" dstnodeid="40" dstpinname="iidb">
   </LINK>
   <PACK Name="vvvv.packs_" Version="0.2.0">
   </PACK>
   <NODE systemname="InputElement (DX11.Geometry Join)" filename="%VVVV%\packs\dx11\nodes\plugins\VVVV.DX11.Nodes.dll" nodename="InputElement (DX11.Geometry Join)" componentmode="Hidden" id="78">
   <BOUNDS type="Node" left="5205" top="3465" width="100" height="100">
   </BOUNDS>
   <PIN pinname="Geometry In" visible="1">
   </PIN>
   <PIN pinname="Output" visible="1">
   </PIN>
   <PIN pinname="Format" visible="1">
   </PIN>
   </NODE>
   <NODE nodename="IOBox (Enumerations)" componentmode="InABox" id="77" systemname="IOBox (Enumerations)">
   <BOUNDS type="Box" left="4530" top="2460" width="1290" height="870">
   </BOUNDS>
   <BOUNDS type="Node" left="4530" top="2460" width="0" height="0">
   </BOUNDS>
   <PIN pinname="Input Enum" slicecount="4" values="Position,Normal,TextureCoord,Color">
   </PIN>
   <PIN pinname="Rows" slicecount="1" values="4">
   </PIN>
   <PIN pinname="SliceCount Mode" slicecount="1" values="ColsRowsPages">
   </PIN>
   </NODE>
   <LINK srcnodeid="77" srcpinname="Output Enum" dstnodeid="78" dstpinname="Element Type">
   </LINK>
   <NODE nodename="IOBox (Enumerations)" componentmode="InABox" id="76" systemname="IOBox (Enumerations)">
   <BOUNDS type="Box" left="6105" top="2415" width="1785" height="840">
   </BOUNDS>
   <BOUNDS type="Node" left="6105" top="2415" width="0" height="0">
   </BOUNDS>
   <PIN pinname="Input Enum" slicecount="4" values="R32G32B32_Float,R32G32B32_Float,R32G32_Float,R32_UInt">
   </PIN>
   <PIN pinname="Rows" slicecount="1" values="4">
   </PIN>
   <PIN pinname="SliceCount Mode" slicecount="1" values="ColsRowsPages">
   </PIN>
   <PIN pinname="Output Enum" visible="1">
   </PIN>
   </NODE>
   <LINK srcnodeid="76" srcpinname="Output Enum" dstnodeid="78" dstpinname="Format">
   </LINK>
   <LINK srcnodeid="78" srcpinname="Output" dstnodeid="40" dstpinname="Output Layout">
   </LINK>
   <LINK srcnodeid="60" srcpinname="Output Node" dstnodeid="40" dstpinname="Geometry In">
   </LINK>
   <LINK srcnodeid="40" srcpinname="Geometry Out" dstnodeid="59" dstpinname="Input Node">
   </LINK>
   <NODE nodename="IOBox (Value Advanced)" componentmode="InABox" id="80" systemname="IOBox (Value Advanced)">
   <BOUNDS type="Box" left="5070" top="7350" width="795" height="240">
   </BOUNDS>
   <BOUNDS type="Node" left="5070" top="7350" width="0" height="0">
   </BOUNDS>
   <PIN pinname="Units" slicecount="1" values="||">
   </PIN>
   <PIN pinname="Precision" slicecount="1" values="4">
   </PIN>
   <PIN pinname="Value Type" slicecount="1" values="Integer">
   </PIN>
   <PIN pinname="Descriptive Name" slicecount="1" values="|Vertex Count|">
   </PIN>
   <PIN pinname="Y Input Value" visible="1" slicecount="1" values="616896">
   </PIN>
   </NODE>
   <INFO author="Everyoneishappy, UNC" description="" tags="Instance Noodles">
   </INFO>
   <NODE nodename="IOBox (Value Advanced)" componentmode="InABox" id="81" systemname="IOBox (Value Advanced)">
   <BOUNDS type="Box" left="4980" top="495" width="795" height="240">
   </BOUNDS>
   <BOUNDS type="Node" left="4980" top="495" width="0" height="0">
   </BOUNDS>
   <PIN pinname="Y Input Value" slicecount="1" visible="1" values="1">
   </PIN>
   <PIN pinname="Units" slicecount="1" values="||">
   </PIN>
   <PIN pinname="Precision" slicecount="1" values="4">
   </PIN>
   <PIN pinname="Descriptive Name" slicecount="1" values="TriangleSize">
   </PIN>
   </NODE>
   <LINK srcnodeid="81" srcpinname="Y Output Value" dstnodeid="40" dstpinname="TriangleSize">
   </LINK>
   <NODE nodename="IOBox (Value Advanced)" componentmode="InABox" id="82" systemname="IOBox (Value Advanced)">
   <BOUNDS type="Box" left="2220" top="555" width="795" height="240">
   </BOUNDS>
   <BOUNDS type="Node" left="2220" top="555" width="0" height="0">
   </BOUNDS>
   <PIN pinname="Y Input Value" slicecount="1" visible="1" values="0.02">
   </PIN>
   <PIN pinname="Units" slicecount="1" values="||">
   </PIN>
   <PIN pinname="Precision" slicecount="1" values="4">
   </PIN>
   <PIN pinname="Descriptive Name" slicecount="1" values="|Width Default|">
   </PIN>
   <PIN pinname="Y Output Value" visible="1">
   </PIN>
   </NODE>
   <LINK srcnodeid="82" srcpinname="Y Output Value" dstnodeid="40" dstpinname="Thickness">
   </LINK>
   <NODE nodename="IOBox (Node)" componentmode="InABox" id="85" systemname="IOBox (Node)">
   <BOUNDS type="Box" left="2280" top="7350" width="795" height="240">
   </BOUNDS>
   <BOUNDS type="Node" left="2280" top="7350" width="0" height="0">
   </BOUNDS>
   <PIN pinname="Descriptive Name" slicecount="1" values="IID">
   </PIN>
   <PIN pinname="Input Node" slicecount="1" visible="1" values="||">
   </PIN>
   </NODE>
   <NODE systemname="IIDfromColor (ValueBuffer)" filename="%VVVV%\packs\InstanceNoodles\nodes\modules\DX11.GeomFX\IID (DX11.GeomFX)\IIDfromColor (ValueBuffer).v4p" nodename="IIDfromColor (ValueBuffer)" componentmode="Hidden" id="84">
   <BOUNDS type="Node" left="2805" top="6315" width="100" height="100">
   </BOUNDS>
   <PIN pinname="Geometry" visible="1" slicecount="1" values="||">
   </PIN>
   <PIN pinname="IID" visible="1">
   </PIN>
   <PIN pinname="Output" visible="1">
   </PIN>
   <PIN pinname="Readback" slicecount="1" values="0">
   </PIN>
   <PIN pinname="Vertex Count" visible="1" slicecount="1" values="616896">
   </PIN>
   <BOUNDS type="Window" left="765" top="3210" width="13620" height="10125">
   </BOUNDS>
   <PIN pinname="Enabled" visible="1" slicecount="1" values="1">
   </PIN>
   </NODE>
   <NODE systemname="Switch (Node Input)" nodename="Switch (Node Input)" componentmode="Hidden" id="83">
   <BOUNDS type="Node" left="2250" top="6840" width="100" height="100">
   </BOUNDS>
   <PIN pinname="Switch" visible="1" slicecount="1" values="0">
   </PIN>
   <PIN pinname="Input 2" visible="1">
   </PIN>
   <PIN pinname="Input 1" visible="1" slicecount="1" values="||">
   </PIN>
   <PIN pinname="Output" visible="1">
   </PIN>
   </NODE>
   <LINK srcnodeid="84" srcpinname="IID" dstnodeid="83" dstpinname="Input 2">
   </LINK>
   <LINK srcnodeid="83" srcpinname="Output" dstnodeid="85" dstpinname="Input Node">
   </LINK>
   <LINK srcnodeid="62" srcpinname="Y Output Value" dstnodeid="84" dstpinname="Enabled">
   </LINK>
   <LINK srcnodeid="40" srcpinname="Buffer Out" dstnodeid="84" dstpinname="Geometry">
   </LINK>
   <LINK srcnodeid="62" srcpinname="Y Output Value" dstnodeid="83" dstpinname="Switch">
   </LINK>
   <LINK srcnodeid="74" srcpinname="Output Node" dstnodeid="83" dstpinname="Input 1">
   </LINK>
   <LINK srcnodeid="82" srcpinname="Y Output Value" dstnodeid="40" dstpinname="widthDefualt">
   </LINK>
   <LINK srcnodeid="69" srcpinname="Output Node" dstnodeid="40" dstpinname="bWidth">
   </LINK>
   <NODE nodename="IOBox (Enumerations)" componentmode="InABox" id="86" systemname="IOBox (Enumerations)">
   <BOUNDS type="Box" left="2820" top="1845" width="1590" height="270">
   </BOUNDS>
   <BOUNDS type="Node" left="2820" top="1845" width="0" height="0">
   </BOUNDS>
   <PIN pinname="Input Enum" slicecount="1" visible="1" values="Instance">
   </PIN>
   <PIN pinname="Descriptive Name" slicecount="1" values="|Width Indexing|">
   </PIN>
   </NODE>
   <LINK srcnodeid="86" srcpinname="Output Enum" dstnodeid="40" dstpinname="widthIndexing">
   </LINK>
   <NODE systemname="MaxElement (DX11.Query)" filename="%VVVV%\packs\InstanceNoodles\nodes\modules\Common\MaxElement (DX11.Query).v4p" nodename="MaxElement (DX11.Query)" componentmode="Hidden" id="87">
   <BOUNDS type="Node" left="4350" top="4350" width="100" height="100">
   </BOUNDS>
   <PIN pinname="Query Source" visible="1">
   </PIN>
   <PIN pinname="Max Elements" visible="1">
   </PIN>
   <PIN pinname="Factor" slicecount="1" values="72">
   </PIN>
   </NODE>
   <LINK srcnodeid="40" srcpinname="Query" dstnodeid="87" dstpinname="Query Source">
   </LINK>
   <LINK srcnodeid="87" srcpinname="Max Elements" dstnodeid="84" dstpinname="Vertex Count">
   </LINK>
   <LINK srcnodeid="87" srcpinname="Max Elements" dstnodeid="40" dstpinname="Max Elements">
   </LINK>
   <LINK srcnodeid="87" srcpinname="Max Elements" dstnodeid="80" dstpinname="Y Input Value">
   </LINK>
   <NODE nodename="IOBox (Enumerations)" componentmode="InABox" id="88" systemname="IOBox (Enumerations)">
   <BOUNDS type="Box" left="6150" top="315" width="2010" height="240">
   </BOUNDS>
   <BOUNDS type="Node" left="6150" top="315" width="0" height="0">
   </BOUNDS>
   <PIN pinname="Input Enum" slicecount="1" visible="1" values="PipeFrameNoDiagonals">
   </PIN>
   <PIN pinname="Descriptive Name" slicecount="1" values="Technique">
   </PIN>
   </NODE>
   <LINK srcnodeid="88" srcpinname="Output Enum" dstnodeid="40" dstpinname="Technique">
   </LINK>
   </PATCH>