<!DOCTYPE PATCH  SYSTEM "http://vvvv.org/versions/vvvv50beta35.dtd" >
   <PATCH nodename="C:\Users\Kyle\Desktop\Dropbox\VVVV Files\vvvv_50beta35_x64\packs\InstanceNoodles\nodes\modules\DX11.Geometry\Writer (DX11.Geometry OBJ)\Writer (DX11.Geometry OBJ) help.v4p" scrollx="0" scrolly="0">
   <BOUNDS type="Window" left="0" top="300" width="15360" height="13590">
   </BOUNDS>
   <NODE nodename="IOBox (String)" componentmode="InABox" id="3" systemname="IOBox (String)">
   <BOUNDS type="Node" left="225" top="225" width="5100" height="450">
   </BOUNDS>
   <BOUNDS type="Box" left="225" top="225" width="5100" height="450">
   </BOUNDS>
   <PIN pinname="Input String" slicecount="1" visible="0" values="|Writer (DX11.Geometry OBJ)|">
   </PIN>
   <PIN pinname="Output String" slicecount="1" visible="0" values="||">
   </PIN>
   <PIN pinname="Size" slicecount="1" visible="1" values="14">
   </PIN>
   </NODE>
   <NODE systemname="Renderer (DX11)" filename="%VVVV%\packs\dx11\nodes\plugins\VVVV.DX11.Nodes.dll" nodename="Renderer (DX11)" componentmode="InAWindow" id="17">
   <BOUNDS type="Node" left="960" top="11910" width="100" height="100">
   </BOUNDS>
   <BOUNDS type="Box" left="960" top="11910" width="6000" height="4500">
   </BOUNDS>
   <BOUNDS type="Window" left="15495" top="345" width="9480" height="11325">
   </BOUNDS>
   <PIN pinname="Layers" visible="1">
   </PIN>
   <PIN pinname="View" visible="1">
   </PIN>
   <PIN pinname="Projection" visible="1">
   </PIN>
   <PIN pinname="Depth Buffer Mode" slicecount="1" values="Standard">
   </PIN>
   <PIN pinname="Depth Buffer Format" slicecount="1" values="D32_Float">
   </PIN>
   <PIN pinname="AA Samples per Pixel" slicecount="1" values="4">
   </PIN>
   </NODE>
   <NODE systemname="Camera (Transform Softimage Legacy)" filename="%VVVV%\lib\nodes\modules\Transform\Camera (Transform Softimage).v4p" nodename="Camera (Transform Softimage)" componentmode="Hidden" id="16">
   <BOUNDS type="Node" left="2055" top="11370" width="100" height="100">
   </BOUNDS>
   <PIN pinname="View" visible="1">
   </PIN>
   <PIN pinname="Projection" visible="1">
   </PIN>
   <PIN pinname="Far Plane" slicecount="1" values="1000">
   </PIN>
   <PIN pinname="Near Plane" slicecount="1" values="0.01">
   </PIN>
   <PIN pinname="Initial Distance" slicecount="1" values="8.08">
   </PIN>
   <PIN pinname="Initial Yaw" visible="1" slicecount="1" values="0.876361046000966">
   </PIN>
   <PIN pinname="Initial Pitch" slicecount="1" values="0.05">
   </PIN>
   <PIN pinname="Initial FOV" slicecount="1" values="0.17">
   </PIN>
   <PIN pinname="Initial Interest" slicecount="3" values="0,1.05,0">
   </PIN>
   </NODE>
   <LINK srcnodeid="16" srcpinname="View" dstnodeid="17" dstpinname="View">
   </LINK>
   <LINK srcnodeid="16" srcpinname="Projection" dstnodeid="17" dstpinname="Projection">
   </LINK>
   <NODE systemname="AspectRatio (DX11.Layer)" filename="%VVVV%\packs\dx11\nodes\plugins\VVVV.DX11.Nodes.dll" nodename="AspectRatio (DX11.Layer)" componentmode="Hidden" id="15">
   <BOUNDS type="Node" left="885" top="11325" width="100" height="100">
   </BOUNDS>
   <PIN pinname="Layer In" visible="1">
   </PIN>
   <PIN pinname="Layer Out" visible="1">
   </PIN>
   </NODE>
   <LINK srcnodeid="15" srcpinname="Layer Out" dstnodeid="17" dstpinname="Layers">
   </LINK>
   <NODE systemname="VertexAttribute (DX11.Effect)" filename="%VVVV%\packs\InstanceNoodles\nodes\dx11\VertexAttribute.fx" nodename="VertexAttribute (DX11.Effect)" componentmode="Hidden" id="14">
   <BOUNDS type="Node" left="1950" top="10425" width="100" height="100">
   </BOUNDS>
   <PIN pinname="Geometry" visible="1" slicecount="1" values="||">
   </PIN>
   <PIN pinname="Layer" visible="1">
   </PIN>
   <PIN pinname="Technique" slicecount="1" visible="1" values="Normals">
   </PIN>
   <PIN pinname="Enabled" slicecount="1" values="1">
   </PIN>
   <PIN pinname="Layout Message" visible="1">
   </PIN>
   </NODE>
   <NODE systemname="Group (DX11.Layer)" filename="%VVVV%\packs\dx11\nodes\plugins\VVVV.DX11.Nodes.dll" nodename="Group (DX11.Layer)" componentmode="Hidden" id="13">
   <BOUNDS type="Node" left="1560" top="10980" width="100" height="100">
   </BOUNDS>
   <PIN pinname="Layer Out" visible="1">
   </PIN>
   <PIN pinname="Layer 1" visible="1" slicecount="1" values="||">
   </PIN>
   <PIN pinname="Layer 2" visible="1" slicecount="1" values="||">
   </PIN>
   <PIN pinname="Input Count" slicecount="1" values="3">
   </PIN>
   <PIN pinname="Layer 3" visible="1">
   </PIN>
   </NODE>
   <LINK srcnodeid="13" srcpinname="Layer Out" dstnodeid="15" dstpinname="Layer In">
   </LINK>
   <NODE systemname="TransformBuffered (DX11.GeomFX)" filename="%VVVV%\packs\InstanceNoodles\nodes\modules\DX11.GeomFX\TransformBuffered (DX11.GeomFX)\TransformBuffered (DX11.GeomFX).v4p" nodename="TransformBuffered (DX11.GeomFX)" componentmode="Hidden" id="12" hiddenwhenlocked="0">
   <BOUNDS type="Node" left="8190" top="4995" width="100" height="100">
   </BOUNDS>
   <PIN pinname="Geometry In" visible="1" slicecount="1" values="||">
   </PIN>
   <PIN pinname="IID" visible="1" slicecount="1" values="||">
   </PIN>
   <PIN pinname="Transform Buffer" visible="1" slicecount="1" values="||">
   </PIN>
   <PIN pinname="Geometry Out" visible="1">
   </PIN>
   <PIN pinname="Indexing" slicecount="1" values="Instance">
   </PIN>
   <PIN pinname="Texture Transform Buffer" visible="1" slicecount="1" values="||">
   </PIN>
   </NODE>
   <NODE nodename="IOBox (Enumerations)" componentmode="InABox" id="11" systemname="IOBox (Enumerations)">
   <BOUNDS type="Box" left="2955" top="10065" width="1590" height="270">
   </BOUNDS>
   <BOUNDS type="Node" left="2955" top="10065" width="0" height="0">
   </BOUNDS>
   <PIN pinname="Input Enum" slicecount="1" visible="1" values="ViewNormals">
   </PIN>
   </NODE>
   <LINK srcnodeid="11" srcpinname="Output Enum" dstnodeid="14" dstpinname="Technique">
   </LINK>
   <NODE systemname="AxisAndGrid (DX11)" filename="%VVVV%\packs\dx11\nodes\modules\AxisAndGrid\AxisAndGrid (DX11).v4p" nodename="AxisAndGrid (DX11)" componentmode="Hidden" id="7">
   <BOUNDS type="Node" left="3540" top="10635" width="100" height="100">
   </BOUNDS>
   <PIN pinname="Layer" visible="1">
   </PIN>
   </NODE>
   <LINK srcnodeid="14" srcpinname="Layer" dstnodeid="13" dstpinname="Layer 2">
   </LINK>
   <NODE systemname="FullscreenQuad (DX11.Layer)" filename="%VVVV%\packs\dx11\nodes\modules\FullscreenQuad (DX11.Layer).v4p" nodename="FullscreenQuad (DX11.Layer)" componentmode="Hidden" id="6">
   <BOUNDS type="Node" left="240" top="10485" width="100" height="100">
   </BOUNDS>
   <PIN pinname="Texture" visible="1">
   </PIN>
   <PIN pinname="Layer" visible="1">
   </PIN>
   </NODE>
   <NODE systemname="Pillow (DX11.TextureFX)" filename="%VVVV%\packs\dx11\nodes\texture11\Source\Pillow.tfx" nodename="Pillow (DX11.TextureFX)" componentmode="Hidden" id="5">
   <BOUNDS type="Node" left="675" top="10125" width="100" height="100">
   </BOUNDS>
   <PIN pinname="Texture Out" visible="1">
   </PIN>
   </NODE>
   <LINK srcnodeid="5" srcpinname="Texture Out" dstnodeid="6" dstpinname="Texture">
   </LINK>
   <LINK srcnodeid="6" srcpinname="Layer" dstnodeid="13" dstpinname="Layer 1">
   </LINK>
   <LINK srcnodeid="7" srcpinname="Layer" dstnodeid="13" dstpinname="Layer 3">
   </LINK>
   <NODE systemname="LFO (Animation)" nodename="LFO (Animation)" componentmode="Hidden" id="4">
   <BOUNDS type="Node" left="4845" top="11055" width="100" height="100">
   </BOUNDS>
   <PIN pinname="Output" visible="1">
   </PIN>
   <PIN pinname="Period" slicecount="1" values="64">
   </PIN>
   </NODE>
   <NODE nodename="IOBox (Value Advanced)" componentmode="InABox" id="19" systemname="IOBox (Value Advanced)">
   <BOUNDS type="Box" left="8100" top="8415" width="1350" height="1245">
   </BOUNDS>
   <BOUNDS type="Node" left="8100" top="8415" width="0" height="0">
   </BOUNDS>
   <PIN pinname="Y Input Value" slicecount="1" visible="1" values="0">
   </PIN>
   <PIN pinname="Units" slicecount="1" values="||">
   </PIN>
   <PIN pinname="Precision" slicecount="1" values="4">
   </PIN>
   <PIN pinname="Value Type" slicecount="1" values="Boolean">
   </PIN>
   <PIN pinname="Behavior" slicecount="1" values="Bang">
   </PIN>
   <PIN pinname="Descriptive Name" slicecount="1" values="Export">
   </PIN>
   <PIN pinname="X Input Value" slicecount="1" values="0">
   </PIN>
   </NODE>
   <NODE nodename="IOBox (Value Advanced)" componentmode="InABox" id="20" systemname="IOBox (Value Advanced)">
   <BOUNDS type="Box" left="8115" top="11370" width="795" height="240">
   </BOUNDS>
   <BOUNDS type="Node" left="8115" top="11370" width="0" height="0">
   </BOUNDS>
   <PIN pinname="Y Input Value" slicecount="1" visible="1" values="0">
   </PIN>
   <PIN pinname="Units" slicecount="1" values="||">
   </PIN>
   <PIN pinname="Precision" slicecount="1" values="4">
   </PIN>
   <PIN pinname="Value Type" slicecount="1" values="Integer">
   </PIN>
   <PIN pinname="Descriptive Name" slicecount="1" values="|Subset Name Padding|">
   </PIN>
   </NODE>
   <NODE systemname="Writer (DX11.Geometry OBJ)" filename="%VVVV%\packs\InstanceNoodles\nodes\modules\DX11.Geometry\Writer (DX11.Geometry OBJ)\Writer (DX11.Geometry OBJ).v4p" nodename="Writer (DX11.Geometry OBJ)" componentmode="Hidden" id="18">
   <BOUNDS type="Node" left="6525" top="11670" width="100" height="100">
   </BOUNDS>
   <PIN pinname="Export" visible="1">
   </PIN>
   <PIN pinname="Subset Name Padding" visible="1">
   </PIN>
   <PIN pinname="Use Subsets" visible="1">
   </PIN>
   <PIN pinname="Filename" visible="1">
   </PIN>
   <PIN pinname="Instance Count" visible="1" slicecount="1" values="180">
   </PIN>
   <PIN pinname="IID" visible="1">
   </PIN>
   <PIN pinname="Geometry In" visible="1">
   </PIN>
   <PIN pinname="Success" visible="1">
   </PIN>
   <PIN pinname="Message" visible="1">
   </PIN>
   <PIN pinname="Max Elements" visible="1">
   </PIN>
   </NODE>
   <LINK srcnodeid="19" srcpinname="Y Output Value" dstnodeid="18" dstpinname="Export">
   </LINK>
   <LINK srcnodeid="20" srcpinname="Y Output Value" dstnodeid="18" dstpinname="Subset Name Padding">
   </LINK>
   <NODE nodename="IOBox (Value Advanced)" componentmode="InABox" id="21" systemname="IOBox (Value Advanced)">
   <BOUNDS type="Box" left="8115" top="7005" width="1290" height="1140">
   </BOUNDS>
   <BOUNDS type="Node" left="8115" top="7005" width="0" height="0">
   </BOUNDS>
   <PIN pinname="Y Input Value" slicecount="1" visible="1" values="1">
   </PIN>
   <PIN pinname="Units" slicecount="1" values="||">
   </PIN>
   <PIN pinname="Precision" slicecount="1" values="4">
   </PIN>
   <PIN pinname="Value Type" slicecount="1" values="Boolean">
   </PIN>
   <PIN pinname="Behavior" slicecount="1" values="Toggle">
   </PIN>
   <PIN pinname="Descriptive Name" slicecount="1" values="|Use Subsets|">
   </PIN>
   <PIN pinname="Y Output Value" visible="1">
   </PIN>
   <PIN pinname="X Input Value" slicecount="1" values="1">
   </PIN>
   </NODE>
   <LINK srcnodeid="21" srcpinname="Y Output Value" dstnodeid="18" dstpinname="Use Subsets">
   </LINK>
   <NODE nodename="IOBox (String)" componentmode="InABox" id="22" systemname="IOBox (String)">
   <BOUNDS type="Box" left="9810" top="8445" width="5265" height="645">
   </BOUNDS>
   <BOUNDS type="Node" left="9810" top="8445" width="0" height="0">
   </BOUNDS>
   <PIN pinname="Input String" slicecount="1" visible="1" values="MyObjName">
   </PIN>
   <PIN pinname="Default" slicecount="1" values="||">
   </PIN>
   <PIN pinname="File Mask" slicecount="1" values="|All Files (*.*)||*.*|">
   </PIN>
   <PIN pinname="Maximum Characters" slicecount="1" values="-1">
   </PIN>
   <PIN pinname="String Type" slicecount="1" values="Filename">
   </PIN>
   <PIN pinname="Descriptive Name" slicecount="1" values="Filename">
   </PIN>
   <PIN pinname="Size" slicecount="1" values="14">
   </PIN>
   </NODE>
   <LINK srcnodeid="22" srcpinname="Output String" dstnodeid="18" dstpinname="Filename">
   </LINK>
   <NODE systemname="Feedback (Transform Buffer)" filename="%VVVV%\packs\InstanceNoodles\nodes\modules\Compute\Transform Buffer\Feedback (Transform Buffer)\Feedback (Transform Buffer).v4p" nodename="Feedback (Transform Buffer)" componentmode="Hidden" id="24" hiddenwhenlocked="0">
   <BOUNDS type="Node" left="8190" top="3630" width="2670" height="270">
   </BOUNDS>
   <PIN pinname="Spread Count" visible="1">
   </PIN>
   <PIN pinname="Transform Buffer" visible="1" slicecount="1" values="||">
   </PIN>
   <PIN pinname="Feedback Transform Buffer" visible="1" slicecount="1" values="||">
   </PIN>
   <PIN pinname="iterations" visible="1">
   </PIN>
   </NODE>
   <NODE systemname="IID (DX11.GeomFX)" filename="%VVVV%\packs\InstanceNoodles\nodes\modules\DX11.GeomFX\IID (DX11.GeomFX)\IID (DX11.GeomFX).v4p" nodename="IID (DX11.GeomFX)" componentmode="Hidden" id="25" hiddenwhenlocked="0">
   <BOUNDS type="Node" left="8175" top="4500" width="100" height="100">
   </BOUNDS>
   <PIN pinname="Geometry In" visible="1" slicecount="1" values="||">
   </PIN>
   <PIN pinname="Instance Count" visible="1" slicecount="1" values="180">
   </PIN>
   <PIN pinname="Geometry Out" visible="1">
   </PIN>
   <PIN pinname="IID" visible="1">
   </PIN>
   <PIN pinname="Triangle Count" visible="1">
   </PIN>
   <PIN pinname="Vertex Count" visible="1">
   </PIN>
   </NODE>
   <NODE systemname="Switch (Value Input)" nodename="Switch (Value Input)" componentmode="Hidden" id="27">
   <BOUNDS type="Node" left="8085" top="10935" width="100" height="100">
   </BOUNDS>
   <PIN pinname="Switch" visible="1">
   </PIN>
   <PIN pinname="Output" visible="1">
   </PIN>
   <PIN pinname="Input 2" slicecount="1" values="4">
   </PIN>
   </NODE>
   <LINK srcnodeid="21" srcpinname="Y Output Value" dstnodeid="27" dstpinname="Switch">
   </LINK>
   <LINK srcnodeid="27" srcpinname="Output" dstnodeid="20" dstpinname="Y Input Value">
   </LINK>
   <LINK srcnodeid="25" srcpinname="Geometry Out" dstnodeid="12" dstpinname="Geometry In">
   </LINK>
   <NODE systemname="Torus (DX11.Geometry)" filename="%VVVV%\packs\dx11\nodes\plugins\VVVV.DX11.Nodes.dll" nodename="Torus (DX11.Geometry)" componentmode="Hidden" id="28" hiddenwhenlocked="0">
   <BOUNDS type="Node" left="8190" top="4080" width="100" height="100">
   </BOUNDS>
   <PIN pinname="Geometry Out" visible="1">
   </PIN>
   <PIN pinname="Thickness" slicecount="1" values="0.26">
   </PIN>
   </NODE>
   <LINK srcnodeid="28" srcpinname="Geometry Out" dstnodeid="25" dstpinname="Geometry In">
   </LINK>
   <NODE nodename="IOBox (Value Advanced)" componentmode="InABox" id="29" systemname="IOBox (Value Advanced)" hiddenwhenlocked="0">
   <BOUNDS type="Box" left="9375" top="2145" width="795" height="240">
   </BOUNDS>
   <BOUNDS type="Node" left="9375" top="2145" width="0" height="0">
   </BOUNDS>
   <PIN pinname="Y Input Value" slicecount="1" visible="1" values="1">
   </PIN>
   <PIN pinname="Units" slicecount="1" values="||">
   </PIN>
   <PIN pinname="Precision" slicecount="1" values="4">
   </PIN>
   <PIN pinname="Value Type" slicecount="1" values="Integer">
   </PIN>
   </NODE>
   <LINK srcnodeid="29" srcpinname="Y Output Value" dstnodeid="24" dstpinname="Spread Count">
   </LINK>
   <NODE systemname="LinearSpread (Spreads)" nodename="LinearSpread (Spreads)" componentmode="Hidden" id="30" hiddenwhenlocked="0">
   <BOUNDS type="Node" left="8475" top="1335" width="100" height="100">
   </BOUNDS>
   <PIN pinname="Spread Count" visible="1">
   </PIN>
   <PIN pinname="Output" visible="1">
   </PIN>
   <PIN pinname="Width" slicecount="1" values="6.64">
   </PIN>
   </NODE>
   <NODE nodename="IOBox (Value Advanced)" componentmode="InABox" id="31" systemname="IOBox (Value Advanced)" hiddenwhenlocked="0">
   <BOUNDS type="Box" left="9450" top="1005" width="795" height="240">
   </BOUNDS>
   <BOUNDS type="Node" left="9450" top="1005" width="0" height="0">
   </BOUNDS>
   <PIN pinname="Y Input Value" slicecount="1" visible="1" values="3">
   </PIN>
   <PIN pinname="Units" slicecount="1" values="||">
   </PIN>
   <PIN pinname="Precision" slicecount="1" values="4">
   </PIN>
   <PIN pinname="Value Type" slicecount="1" values="Integer">
   </PIN>
   <PIN pinname="Y Output Value" visible="1">
   </PIN>
   </NODE>
   <LINK srcnodeid="31" srcpinname="Y Output Value" dstnodeid="30" dstpinname="Spread Count">
   </LINK>
   <NODE systemname="Multiply (Value Spectral)" nodename="Multiply (Value Spectral)" componentmode="Hidden" id="32" hiddenwhenlocked="0">
   <BOUNDS type="Node" left="9360" top="1785" width="100" height="100">
   </BOUNDS>
   <PIN pinname="Bin Size" slicecount="1" values="2">
   </PIN>
   <PIN pinname="Input" visible="1">
   </PIN>
   <PIN pinname="Output" visible="1">
   </PIN>
   </NODE>
   <LINK srcnodeid="31" srcpinname="Y Output Value" dstnodeid="32" dstpinname="Input">
   </LINK>
   <LINK srcnodeid="32" srcpinname="Output" dstnodeid="29" dstpinname="Y Input Value">
   </LINK>
   <NODE systemname="Translate (Transform)" nodename="Translate (Transform)" componentmode="Hidden" id="34" hiddenwhenlocked="0">
   <BOUNDS type="Node" left="8205" top="2100" width="100" height="100">
   </BOUNDS>
   <PIN pinname="X" visible="1">
   </PIN>
   <PIN pinname="Z" visible="1">
   </PIN>
   <PIN pinname="Transform Out" visible="1">
   </PIN>
   </NODE>
   <NODE systemname="Cross (2d)" nodename="Cross (2d)" componentmode="Hidden" id="35" hiddenwhenlocked="0">
   <BOUNDS type="Node" left="8415" top="1695" width="100" height="100">
   </BOUNDS>
   <PIN pinname="X In" visible="1">
   </PIN>
   <PIN pinname="Y In" visible="1">
   </PIN>
   <PIN pinname="X Out" visible="1">
   </PIN>
   <PIN pinname="Y Out" visible="1">
   </PIN>
   </NODE>
   <LINK srcnodeid="30" srcpinname="Output" dstnodeid="35" dstpinname="X In">
   </LINK>
   <LINK srcnodeid="30" srcpinname="Output" dstnodeid="35" dstpinname="Y In">
   </LINK>
   <LINK srcnodeid="35" srcpinname="X Out" dstnodeid="34" dstpinname="X">
   </LINK>
   <LINK srcnodeid="35" srcpinname="Y Out" dstnodeid="34" dstpinname="Z">
   </LINK>
   <NODE systemname="DynamicBuffer (DX11.Buffer Transform)" filename="%VVVV%\packs\dx11\nodes\plugins\VVVV.DX11.Nodes.dll" nodename="DynamicBuffer (DX11.Buffer Transform)" componentmode="Hidden" id="36" hiddenwhenlocked="0">
   <BOUNDS type="Node" left="8205" top="2400" width="100" height="100">
   </BOUNDS>
   <PIN pinname="Data" visible="1">
   </PIN>
   <PIN pinname="Buffer" visible="1">
   </PIN>
   </NODE>
   <LINK srcnodeid="34" srcpinname="Transform Out" dstnodeid="36" dstpinname="Data">
   </LINK>
   <LINK srcnodeid="24" srcpinname="Transform Buffer" dstnodeid="12" dstpinname="Transform Buffer">
   </LINK>
   <NODE systemname="Rotate (Transform)" nodename="Rotate (Transform)" componentmode="Hidden" id="38" hiddenwhenlocked="0">
   <BOUNDS type="Node" left="10905" top="1935" width="100" height="100">
   </BOUNDS>
   <PIN pinname="Y" visible="1" slicecount="1" values="0">
   </PIN>
   <PIN pinname="X" visible="1" slicecount="39" values="-0.00822910098912718,0.0171012436152861,-0.0249949532728174,-0.0245569199531851,0.00677377232260484,-0.014132951919688,0.0142276716988408,0.020333763748858,-0.0119830765266099,0.024672436341536,-0.0152805592364973,0.0103956396619555,-0.00966743803456899,-0.0233416644209645,0.0167493337866367,0.024911892828125,-0.0157572173859078,-0.0244681620825462,-0.0218168567921852,0.022647601303575,-0.0185805590539956,0.0146297386100582,-0.000400074468544818,0.00807807107591398,0.00715847454847393,-0.0167959917187522,-0.00464172825699394,0.0243264496763068,-0.0138184914444527,0.00251858358949984,-0.0221461433023908,-0.0244239070838958,-0.0130348846811934,-4.64365477075707E-005,0.0241313077076976,0.0246651136784381,-0.0249920122005707,0.0218156384094742,-0.0209983572517937">
   </PIN>
   <PIN pinname="Transform Out" visible="1">
   </PIN>
   <PIN pinname="Transform In" visible="1">
   </PIN>
   <PIN pinname="Z" slicecount="1" visible="1" values="0.01">
   </PIN>
   </NODE>
   <NODE systemname="Translate (Transform)" nodename="Translate (Transform)" componentmode="Hidden" id="39" hiddenwhenlocked="0">
   <BOUNDS type="Node" left="10305" top="1515" width="100" height="100">
   </BOUNDS>
   <PIN pinname="Transform In" visible="1" slicecount="1" values="||">
   </PIN>
   <PIN pinname="Transform Out" visible="1">
   </PIN>
   <PIN pinname="Y" slicecount="1" values="0.25">
   </PIN>
   </NODE>
   <NODE systemname="RandomSpread (Spreads)" nodename="RandomSpread (Spreads)" componentmode="Hidden" id="40" hiddenwhenlocked="0">
   <BOUNDS type="Node" left="11295" top="1515" width="100" height="100">
   </BOUNDS>
   <PIN pinname="Output" visible="1">
   </PIN>
   <PIN pinname="Spread Count" visible="1" slicecount="1" values="1">
   </PIN>
   <PIN pinname="Width" slicecount="1" visible="1" values="0.08">
   </PIN>
   <PIN pinname="Random Seed" slicecount="1" values="736">
   </PIN>
   </NODE>
   <NODE systemname="RandomSpread (Spreads)" nodename="RandomSpread (Spreads)" componentmode="Hidden" id="41" hiddenwhenlocked="0">
   <BOUNDS type="Node" left="11040" top="1200" width="100" height="100">
   </BOUNDS>
   <PIN pinname="Output" visible="1">
   </PIN>
   <PIN pinname="Spread Count" visible="1">
   </PIN>
   <PIN pinname="Width" slicecount="1" visible="1" values="0.08">
   </PIN>
   <PIN pinname="Random Seed" slicecount="1" values="384">
   </PIN>
   </NODE>
   <LINK srcnodeid="39" srcpinname="Transform Out" dstnodeid="38" dstpinname="Transform In">
   </LINK>
   <NODE systemname="DynamicBuffer (DX11.Buffer Transform)" filename="%VVVV%\packs\dx11\nodes\plugins\VVVV.DX11.Nodes.dll" nodename="DynamicBuffer (DX11.Buffer Transform)" componentmode="Hidden" id="42" hiddenwhenlocked="0">
   <BOUNDS type="Node" left="10650" top="2730" width="100" height="100">
   </BOUNDS>
   <PIN pinname="Data" visible="1" slicecount="1" values="||">
   </PIN>
   <PIN pinname="Buffer" visible="1">
   </PIN>
   </NODE>
   <NODE nodename="IOBox (Value Advanced)" componentmode="InABox" id="45" systemname="IOBox (Value Advanced)" hiddenwhenlocked="0">
   <BOUNDS type="Box" left="12090" top="795" width="795" height="240">
   </BOUNDS>
   <BOUNDS type="Node" left="12090" top="795" width="0" height="0">
   </BOUNDS>
   <PIN pinname="Y Input Value" slicecount="1" visible="1" values="36">
   </PIN>
   <PIN pinname="Units" slicecount="1" values="||">
   </PIN>
   <PIN pinname="Precision" slicecount="1" values="4">
   </PIN>
   <PIN pinname="Value Type" slicecount="1" values="Integer">
   </PIN>
   <PIN pinname="Y Output Value" visible="1">
   </PIN>
   </NODE>
   <LINK srcnodeid="45" srcpinname="Y Output Value" dstnodeid="41" dstpinname="Spread Count">
   </LINK>
   <LINK srcnodeid="45" srcpinname="Y Output Value" dstnodeid="40" dstpinname="Spread Count">
   </LINK>
   <NODE systemname="UniformScale (Transform)" nodename="UniformScale (Transform)" componentmode="Hidden" id="47" hiddenwhenlocked="0">
   <BOUNDS type="Node" left="10635" top="2325" width="100" height="100">
   </BOUNDS>
   <PIN pinname="Transform In" visible="1">
   </PIN>
   <PIN pinname="Transform Out" visible="1">
   </PIN>
   <PIN pinname="XYZ" slicecount="1" visible="1" values="0.92">
   </PIN>
   </NODE>
   <LINK srcnodeid="38" srcpinname="Transform Out" dstnodeid="47" dstpinname="Transform In">
   </LINK>
   <LINK srcnodeid="47" srcpinname="Transform Out" dstnodeid="42" dstpinname="Data">
   </LINK>
   <NODE nodename="IOBox (Value Advanced)" componentmode="InABox" id="48" systemname="IOBox (Value Advanced)" hiddenwhenlocked="0">
   <BOUNDS type="Box" left="12990" top="2925" width="795" height="240">
   </BOUNDS>
   <BOUNDS type="Node" left="12990" top="2925" width="0" height="0">
   </BOUNDS>
   <PIN pinname="Y Input Value" slicecount="1" visible="1" values="19">
   </PIN>
   <PIN pinname="Units" slicecount="1" values="||">
   </PIN>
   <PIN pinname="Precision" slicecount="1" values="4">
   </PIN>
   <PIN pinname="Value Type" slicecount="1" values="Integer">
   </PIN>
   <PIN pinname="Descriptive Name" slicecount="1" values="iterations">
   </PIN>
   </NODE>
   <LINK srcnodeid="48" srcpinname="Y Output Value" dstnodeid="24" dstpinname="Iterations">
   </LINK>
   <PACK Name="addonpack" Version="35.0.0">
   </PACK>
   <LINK srcnodeid="41" srcpinname="Output" dstnodeid="38" dstpinname="X">
   </LINK>
   <NODE nodename="IOBox (Value Advanced)" componentmode="InABox" id="51" systemname="IOBox (Value Advanced)" hiddenwhenlocked="0">
   <BOUNDS type="Box" left="11190" top="795" width="795" height="240">
   </BOUNDS>
   <BOUNDS type="Node" left="11190" top="795" width="0" height="0">
   </BOUNDS>
   <PIN pinname="Y Input Value" slicecount="1" visible="1" values="0.03">
   </PIN>
   <PIN pinname="Units" slicecount="1" values="||">
   </PIN>
   <PIN pinname="Precision" slicecount="1" values="4">
   </PIN>
   <PIN pinname="Y Output Value" visible="1">
   </PIN>
   </NODE>
   <LINK srcnodeid="51" srcpinname="Y Output Value" dstnodeid="40" dstpinname="Width">
   </LINK>
   <LINK srcnodeid="51" srcpinname="Y Output Value" dstnodeid="41" dstpinname="Width">
   </LINK>
   <NODE nodename="IOBox (Node)" componentmode="InABox" id="52" systemname="IOBox (Node)" hiddenwhenlocked="0">
   <BOUNDS type="Box" left="10635" top="3075" width="795" height="240">
   </BOUNDS>
   <BOUNDS type="Node" left="10635" top="3075" width="0" height="0">
   </BOUNDS>
   <PIN pinname="Input Node" slicecount="1" visible="1" values="||">
   </PIN>
   <PIN pinname="Descriptive Name" slicecount="1" values="|Feedback Transform Buffer|">
   </PIN>
   </NODE>
   <LINK srcnodeid="52" srcpinname="Output Node" dstnodeid="24" dstpinname="Feedback Transform Buffer">
   </LINK>
   <LINK srcnodeid="42" srcpinname="Buffer" dstnodeid="52" dstpinname="Input Node">
   </LINK>
   <NODE nodename="IOBox (Node)" componentmode="InABox" id="53" systemname="IOBox (Node)">
   <BOUNDS type="Box" left="2670" top="7755" width="795" height="240">
   </BOUNDS>
   <BOUNDS type="Node" left="2670" top="7755" width="0" height="0">
   </BOUNDS>
   <PIN pinname="Descriptive Name" slicecount="1" values="|Geometry Out|">
   </PIN>
   <PIN pinname="Output Node" visible="1">
   </PIN>
   <PIN pinname="Input Node" visible="1" slicecount="1" values="||">
   </PIN>
   </NODE>
   <LINK srcnodeid="53" srcpinname="Output Node" dstnodeid="14" dstpinname="Geometry">
   </LINK>
   <NODE nodename="IOBox (Node)" componentmode="InABox" id="54" systemname="IOBox (Node)">
   <BOUNDS type="Box" left="4050" top="7755" width="795" height="240">
   </BOUNDS>
   <BOUNDS type="Node" left="4050" top="7755" width="0" height="0">
   </BOUNDS>
   <PIN pinname="Descriptive Name" slicecount="1" values="IID">
   </PIN>
   <PIN pinname="Output Node" visible="1">
   </PIN>
   <PIN pinname="Input Node" visible="1" slicecount="1" values="||">
   </PIN>
   </NODE>
   <LINK srcnodeid="54" srcpinname="Output Node" dstnodeid="18" dstpinname="IID">
   </LINK>
   <LINK srcnodeid="53" srcpinname="Output Node" dstnodeid="18" dstpinname="Geometry In">
   </LINK>
   <NODE nodename="IOBox (Value Advanced)" componentmode="InABox" id="55" systemname="IOBox (Value Advanced)">
   <BOUNDS type="Box" left="6525" top="12165" width="480" height="480">
   </BOUNDS>
   <BOUNDS type="Node" left="6525" top="12165" width="0" height="0">
   </BOUNDS>
   <PIN pinname="Units" slicecount="1" values="||">
   </PIN>
   <PIN pinname="Precision" slicecount="1" values="4">
   </PIN>
   <PIN pinname="Value Type" slicecount="1" values="Boolean">
   </PIN>
   <PIN pinname="Behavior" slicecount="1" values="Toggle">
   </PIN>
   <PIN pinname="Descriptive Name" slicecount="1" values="Success">
   </PIN>
   </NODE>
   <LINK srcnodeid="18" srcpinname="Success" dstnodeid="55" dstpinname="Y Input Value">
   </LINK>
   <NODE nodename="IOBox (String)" componentmode="InABox" id="56" systemname="IOBox (String)">
   <BOUNDS type="Node" left="9555" top="7110" width="8025" height="270">
   </BOUNDS>
   <BOUNDS type="Box" left="9555" top="7110" width="3600" height="900">
   </BOUNDS>
   <PIN pinname="Input String" visible="0" slicecount="1" values="|&lt; When off will save as a single mesh.  Turned on it will still save a single file but with a mesh subset per instance, as defined in IID buffer|">
   </PIN>
   <PIN pinname="Output String" visible="0">
   </PIN>
   <PIN pinname="Show Grid" slicecount="1" values="0">
   </PIN>
   <PIN pinname="String Type" slicecount="1" values="MultiLine">
   </PIN>
   </NODE>
   <LINK srcnodeid="40" srcpinname="Output" dstnodeid="38" dstpinname="Z">
   </LINK>
   <NODE systemname="Box (DX11.Geometry)" filename="%VVVV%\packs\dx11\nodes\plugins\VVVV.DX11.Nodes.dll" nodename="Box (DX11.Geometry)" componentmode="Hidden" id="59">
   <BOUNDS type="Node" left="2910" top="3825" width="100" height="100">
   </BOUNDS>
   <PIN pinname="Geometry Out" visible="1">
   </PIN>
   </NODE>
   <NODE systemname="LinearSpread (Spreads)" nodename="LinearSpread (Spreads)" componentmode="Hidden" id="60">
   <BOUNDS type="Node" left="3585" top="2970" width="100" height="100">
   </BOUNDS>
   <PIN pinname="Output" visible="1">
   </PIN>
   <PIN pinname="Spread Count" slicecount="1" visible="1" values="6">
   </PIN>
   <PIN pinname="Width" slicecount="1" values="7.97">
   </PIN>
   </NODE>
   <NODE systemname="Translate (Transform)" nodename="Translate (Transform)" componentmode="Hidden" id="63">
   <BOUNDS type="Node" left="3420" top="3375" width="100" height="100">
   </BOUNDS>
   <PIN pinname="Transform Out" visible="1">
   </PIN>
   <PIN pinname="X" visible="1">
   </PIN>
   </NODE>
   <LINK srcnodeid="60" srcpinname="Output" dstnodeid="63" dstpinname="X">
   </LINK>
   <NODE systemname="Switch (Node Input)" nodename="Switch (Node Input)" componentmode="Hidden" id="64">
   <BOUNDS type="Node" left="2670" top="7365" width="100" height="100">
   </BOUNDS>
   <PIN pinname="Switch" visible="1">
   </PIN>
   <PIN pinname="Input 1" visible="1" slicecount="1" values="||">
   </PIN>
   <PIN pinname="Input 2" visible="1">
   </PIN>
   <PIN pinname="Output" visible="1">
   </PIN>
   </NODE>
   <NODE nodename="IOBox (Value Advanced)" componentmode="InABox" id="65" systemname="IOBox (Value Advanced)">
   <BOUNDS type="Box" left="1260" top="6405" width="900" height="1020">
   </BOUNDS>
   <BOUNDS type="Node" left="1260" top="6405" width="0" height="0">
   </BOUNDS>
   <PIN pinname="Y Input Value" slicecount="1" visible="1" values="1">
   </PIN>
   <PIN pinname="Units" slicecount="1" values="||">
   </PIN>
   <PIN pinname="Precision" slicecount="1" values="4">
   </PIN>
   <PIN pinname="Value Type" slicecount="1" values="Boolean">
   </PIN>
   <PIN pinname="Behavior" slicecount="1" values="Toggle">
   </PIN>
   <PIN pinname="Descriptive Name" slicecount="1" values="|Switch Example|">
   </PIN>
   <PIN pinname="X Input Value" slicecount="1" values="1">
   </PIN>
   <PIN pinname="Y Output Value" visible="1">
   </PIN>
   </NODE>
   <LINK srcnodeid="65" srcpinname="Y Output Value" dstnodeid="64" dstpinname="Switch">
   </LINK>
   <LINK srcnodeid="12" srcpinname="Geometry Out" dstnodeid="64" dstpinname="Input 2" linkstyle="PolyLine">
   </LINK>
   <LINK srcnodeid="64" srcpinname="Output" dstnodeid="53" dstpinname="Input Node">
   </LINK>
   <LINK srcnodeid="25" srcpinname="IID" dstnodeid="12" dstpinname="IID">
   </LINK>
   <NODE systemname="Switch (Node Input)" nodename="Switch (Node Input)" componentmode="Hidden" id="66">
   <BOUNDS type="Node" left="4050" top="7365" width="100" height="100">
   </BOUNDS>
   <PIN pinname="Switch" visible="1">
   </PIN>
   <PIN pinname="Input 1" visible="1" slicecount="1" values="||">
   </PIN>
   <PIN pinname="Input 2" visible="1" slicecount="1" values="||">
   </PIN>
   <PIN pinname="Output" visible="1">
   </PIN>
   </NODE>
   <LINK srcnodeid="65" srcpinname="Y Output Value" dstnodeid="66" dstpinname="Switch">
   </LINK>
   <LINK srcnodeid="66" srcpinname="Output" dstnodeid="54" dstpinname="Input Node">
   </LINK>
   <LINK srcnodeid="24" srcpinname="Spread Count" dstnodeid="25" dstpinname="Instance Count">
   </LINK>
   <NODE nodename="IOBox (Node)" componentmode="InABox" id="67" systemname="IOBox (Node)" hiddenwhenlocked="0">
   <BOUNDS type="Box" left="8205" top="2745" width="795" height="240">
   </BOUNDS>
   <BOUNDS type="Node" left="8205" top="2745" width="0" height="0">
   </BOUNDS>
   <PIN pinname="Input Node" slicecount="1" visible="1" values="||">
   </PIN>
   <PIN pinname="Descriptive Name" slicecount="1" values="|Transform Buffer|">
   </PIN>
   </NODE>
   <LINK srcnodeid="67" srcpinname="Output Node" dstnodeid="24" dstpinname="Transform Buffer">
   </LINK>
   <LINK srcnodeid="36" srcpinname="Buffer" dstnodeid="67" dstpinname="Input Node">
   </LINK>
   <NODE systemname="Switch (Value Input)" nodename="Switch (Value Input)" componentmode="Hidden" id="68">
   <BOUNDS type="Node" left="5265" top="7365" width="100" height="100">
   </BOUNDS>
   <PIN pinname="Switch" visible="1">
   </PIN>
   <PIN pinname="Output" visible="1">
   </PIN>
   <PIN pinname="Input 1" visible="1" slicecount="1" values="6">
   </PIN>
   <PIN pinname="Input 2" visible="1">
   </PIN>
   </NODE>
   <LINK srcnodeid="65" srcpinname="Y Output Value" dstnodeid="68" dstpinname="Switch">
   </LINK>
   <NODE nodename="IOBox (Value Advanced)" componentmode="InABox" id="69" systemname="IOBox (Value Advanced)">
   <BOUNDS type="Box" left="5235" top="7755" width="795" height="240">
   </BOUNDS>
   <BOUNDS type="Node" left="5235" top="7755" width="0" height="0">
   </BOUNDS>
   <PIN pinname="Units" slicecount="1" values="||">
   </PIN>
   <PIN pinname="Precision" slicecount="1" values="4">
   </PIN>
   <PIN pinname="Value Type" slicecount="1" values="Integer">
   </PIN>
   <PIN pinname="Descriptive Name" slicecount="1" values="|Instance Count|">
   </PIN>
   <PIN pinname="Y Input Value" visible="1" slicecount="1" values="1">
   </PIN>
   <PIN pinname="Y Output Value" visible="1">
   </PIN>
   </NODE>
   <LINK srcnodeid="68" srcpinname="Output" dstnodeid="69" dstpinname="Y Input Value">
   </LINK>
   <LINK srcnodeid="24" srcpinname="Spread Count" dstnodeid="68" dstpinname="Input 2" linkstyle="PolyLine">
   </LINK>
   <LINK srcnodeid="69" srcpinname="Y Output Value" dstnodeid="18" dstpinname="Instance Count">
   </LINK>
   <NODE nodename="IOBox (Value Advanced)" componentmode="InABox" id="71" systemname="IOBox (Value Advanced)">
   <BOUNDS type="Box" left="4590" top="2550" width="795" height="240">
   </BOUNDS>
   <BOUNDS type="Node" left="4590" top="2550" width="0" height="0">
   </BOUNDS>
   <PIN pinname="Y Input Value" slicecount="1" visible="1" values="6">
   </PIN>
   <PIN pinname="Units" slicecount="1" values="||">
   </PIN>
   <PIN pinname="Precision" slicecount="1" values="4">
   </PIN>
   <PIN pinname="Value Type" slicecount="1" values="Integer">
   </PIN>
   <PIN pinname="Y Output Value" visible="1">
   </PIN>
   </NODE>
   <LINK srcnodeid="71" srcpinname="Y Output Value" dstnodeid="60" dstpinname="Spread Count">
   </LINK>
   <LINK srcnodeid="4" srcpinname="Output" dstnodeid="16" dstpinname="Initial Yaw">
   </LINK>
   <NODE systemname="TransformBuffered (DX11.GeomFX)" filename="%VVVV%\packs\InstanceNoodles\nodes\modules\DX11.GeomFX\TransformBuffered (DX11.GeomFX)\TransformBuffered (DX11.GeomFX).v4p" nodename="TransformBuffered (DX11.GeomFX)" componentmode="Hidden" id="74">
   <BOUNDS type="Node" left="2925" top="4740" width="100" height="100">
   </BOUNDS>
   <PIN pinname="Geometry In" visible="1" slicecount="1" values="||">
   </PIN>
   <PIN pinname="IID" visible="1" slicecount="1" values="||">
   </PIN>
   <PIN pinname="Transform Buffer" visible="1" slicecount="1" values="||">
   </PIN>
   <PIN pinname="Geometry Out" visible="1">
   </PIN>
   <PIN pinname="Indexing" slicecount="1" values="Instance">
   </PIN>
   <PIN pinname="Texture Transform Buffer" visible="1" slicecount="1" values="||">
   </PIN>
   </NODE>
   <NODE systemname="IID (DX11.GeomFX)" filename="%VVVV%\packs\InstanceNoodles\nodes\modules\DX11.GeomFX\IID (DX11.GeomFX)\IID (DX11.GeomFX).v4p" nodename="IID (DX11.GeomFX)" componentmode="Hidden" id="73">
   <BOUNDS type="Node" left="2910" top="4245" width="100" height="100">
   </BOUNDS>
   <PIN pinname="Geometry In" visible="1" slicecount="1" values="||">
   </PIN>
   <PIN pinname="Instance Count" visible="1" slicecount="1" values="180">
   </PIN>
   <PIN pinname="Geometry Out" visible="1">
   </PIN>
   <PIN pinname="IID" visible="1">
   </PIN>
   <PIN pinname="Triangle Count" visible="1">
   </PIN>
   </NODE>
   <LINK srcnodeid="73" srcpinname="Geometry Out" dstnodeid="74" dstpinname="Geometry In">
   </LINK>
   <LINK srcnodeid="73" srcpinname="IID" dstnodeid="74" dstpinname="IID">
   </LINK>
   <NODE systemname="DynamicBuffer (DX11.Buffer Transform)" filename="%VVVV%\packs\dx11\nodes\plugins\VVVV.DX11.Nodes.dll" nodename="DynamicBuffer (DX11.Buffer Transform)" componentmode="Hidden" id="75">
   <BOUNDS type="Node" left="3390" top="3840" width="100" height="100">
   </BOUNDS>
   <PIN pinname="Buffer" visible="1">
   </PIN>
   <PIN pinname="Data" visible="1">
   </PIN>
   </NODE>
   <LINK srcnodeid="75" srcpinname="Buffer" dstnodeid="74" dstpinname="Transform Buffer">
   </LINK>
   <LINK srcnodeid="59" srcpinname="Geometry Out" dstnodeid="73" dstpinname="Geometry In">
   </LINK>
   <LINK srcnodeid="63" srcpinname="Transform Out" dstnodeid="75" dstpinname="Data">
   </LINK>
   <LINK srcnodeid="74" srcpinname="Geometry Out" dstnodeid="64" dstpinname="Input 1" linkstyle="PolyLine">
   </LINK>
   <LINK srcnodeid="73" srcpinname="IID" dstnodeid="66" dstpinname="Input 1" linkstyle="PolyLine">
   </LINK>
   <LINK srcnodeid="71" srcpinname="Y Output Value" dstnodeid="68" dstpinname="Input 1" linkstyle="PolyLine">
   </LINK>
   <LINK srcnodeid="71" srcpinname="Y Output Value" dstnodeid="73" dstpinname="Instance Count">
   </LINK>
   <LINK srcnodeid="25" srcpinname="IID" dstnodeid="66" dstpinname="Input 2" linkstyle="PolyLine">
   </LINK>
   <NODE nodename="IOBox (Value Advanced)" componentmode="InABox" id="76" systemname="IOBox (Value Advanced)" hiddenwhenlocked="0">
   <BOUNDS type="Box" left="9975" top="4725" width="795" height="240">
   </BOUNDS>
   <BOUNDS type="Node" left="9975" top="4725" width="0" height="0">
   </BOUNDS>
   <PIN pinname="Units" slicecount="1" values="||">
   </PIN>
   <PIN pinname="Precision" slicecount="1" values="4">
   </PIN>
   <PIN pinname="Value Type" slicecount="1" values="Integer">
   </PIN>
   <PIN pinname="Descriptive Name" slicecount="1" values="|Vertex Count|">
   </PIN>
   <PIN pinname="Y Output Value" visible="1">
   </PIN>
   </NODE>
   <LINK srcnodeid="25" srcpinname="Vertex Count" dstnodeid="76" dstpinname="Y Input Value">
   </LINK>
   <NODE systemname="RandomSpread (Spreads)" nodename="RandomSpread (Spreads)" componentmode="Hidden" id="77" hiddenwhenlocked="0">
   <BOUNDS type="Node" left="11985" top="1965" width="100" height="100">
   </BOUNDS>
   <PIN pinname="Output" visible="1">
   </PIN>
   <PIN pinname="Spread Count" visible="1" slicecount="1" values="1">
   </PIN>
   <PIN pinname="Width" slicecount="1" visible="1" values="0.25">
   </PIN>
   <PIN pinname="Random Seed" slicecount="1" values="1354">
   </PIN>
   <PIN pinname="Input" slicecount="1" values="0.92">
   </PIN>
   </NODE>
   <LINK srcnodeid="45" srcpinname="Y Output Value" dstnodeid="77" dstpinname="Spread Count">
   </LINK>
   <LINK srcnodeid="77" srcpinname="Output" dstnodeid="47" dstpinname="XYZ">
   </LINK>
   <PACK Name="vvvv-ZeroMQ_Release_x64" Version="0.5.0">
   </PACK>
   <PACK Name="VVVV.Packs" Version="0.2.0">
   </PACK>
   <PACK Name="vvvv-Message" Version="2.9.0">
   </PACK>
   <PACK Name="vvvv-ZeroMQ" Version="0.5.3">
   </PACK>
   <NODE nodename="IOBox (String)" componentmode="InABox" id="78">
   <BOUNDS type="Box" left="7695" top="12105" width="795" height="240">
   </BOUNDS>
   <BOUNDS type="Node" left="7695" top="12105" width="0" height="0">
   </BOUNDS>
   <PIN pinname="Default" slicecount="1" values="||">
   </PIN>
   <PIN pinname="File Mask" slicecount="1" values="||">
   </PIN>
   <PIN pinname="Maximum Characters" slicecount="1" values="-1">
   </PIN>
   </NODE>
   <LINK srcnodeid="18" srcpinname="Message" dstnodeid="78" dstpinname="Input String">
   </LINK>
   <LINK srcnodeid="76" srcpinname="Y Output Value" dstnodeid="18" dstpinname="Max Elements">
   </LINK>
   </PATCH>