<!DOCTYPE PATCH  SYSTEM "http://vvvv.org/versions/vvvv50beta35.7.dtd" >
   <PATCH nodename="C:\Users\Kyle\Desktop\Dropbox\VVVV Files\vvvv_50beta35.7_x64\packs\InstanceNoodles\nodes\modules\DX11.Geometry\Writer (DX11.Geometry OBJ)\Writer (DX11.Geometry OBJ).v4p" systemname="Writer (DX11.Geometry OBJ)" filename="C:\Users\Kyle\Desktop\Dropbox\VVVV Files\DX11.Happy\modules\Writers\Writer (Obj DX11)\Writer (DX11.Geometry OBJ).v4p" scrollx="0" scrolly="0">
   <BOUNDS type="Window" left="7035" top="2310" width="28980" height="16380">
   </BOUNDS>
   <PACK Name="addonpack" Version="35.0.0">
   </PACK>
   <NODE nodename="IOBox (String)" componentmode="InABox" id="3" systemname="IOBox (String)">
   <BOUNDS type="Node" left="1485" top="9615" width="0" height="0">
   </BOUNDS>
   <BOUNDS type="Box" left="1485" top="9615" width="2010" height="300">
   </BOUNDS>
   <PIN pinname="Input String" slicecount="1" values="MyObjName">
   </PIN>
   <PIN pinname="Default" slicecount="1" values="||">
   </PIN>
   <PIN pinname="File Mask" slicecount="1" values="|All Files (*.*)||*.*|">
   </PIN>
   <PIN pinname="Maximum Characters" slicecount="1" values="-1">
   </PIN>
   <PIN pinname="String Type" slicecount="1" values="Filename">
   </PIN>
   <PIN pinname="Output String" visible="1">
   </PIN>
   <PIN pinname="Descriptive Name" slicecount="1" values="Filename">
   </PIN>
   </NODE>
   <NODE nodename="IOBox (Node)" componentmode="InABox" id="0" systemname="IOBox (Node)">
   <BOUNDS type="Box" left="570" top="570" width="795" height="240">
   </BOUNDS>
   <BOUNDS type="Node" left="570" top="570" width="0" height="0">
   </BOUNDS>
   <PIN pinname="Input Node" slicecount="1" values="||">
   </PIN>
   <PIN pinname="Descriptive Name" slicecount="1" values="|Geometry In|">
   </PIN>
   <PIN pinname="Output Node" visible="1">
   </PIN>
   </NODE>
   <NODE systemname="IOBox (Node)" nodename="IOBox (Node)" componentmode="InABox" id="18">
   <BOUNDS type="Node" left="9840" top="570" width="100" height="100">
   </BOUNDS>
   <BOUNDS type="Box" left="9840" top="570" width="795" height="240">
   </BOUNDS>
   <PIN pinname="Descriptive Name" slicecount="1" values="IID">
   </PIN>
   <PIN pinname="Output Node" visible="1">
   </PIN>
   </NODE>
   <NODE systemname="ReadBack (DX11.Buffer Value)" filename="%VVVV%\packs\dx11\nodes\plugins\VVVV.DX11.Nodes.dll" nodename="ReadBack (DX11.Buffer Value)" componentmode="Hidden" id="19">
   <BOUNDS type="Node" left="11550" top="2910" width="100" height="100">
   </BOUNDS>
   <PIN pinname="Enabled" visible="1" slicecount="1" values="0">
   </PIN>
   <PIN pinname="Input" visible="1" slicecount="1" values="||">
   </PIN>
   <PIN pinname="Output" visible="1">
   </PIN>
   </NODE>
   <LINK srcnodeid="18" srcpinname="Output Node" dstnodeid="19" dstpinname="Input">
   </LINK>
   <NODE systemname="Writer (File Advanced)" filename="%VVVV%\addonpack\lib\nodes\plugins\VVVV.Nodes.FileIO.dll" nodename="Writer (File Advanced)" componentmode="Hidden" id="93">
   <BOUNDS type="Node" left="1335" top="15375" width="100" height="100">
   </BOUNDS>
   <PIN pinname="Content" visible="1" slicecount="1" values="|v 0.0000 0.0000 0.0000&lf;vt 0.0000 1.0000 0&lf;vn 0.0000 0.0000 0.0000&lf;|">
   </PIN>
   <PIN pinname="Write" visible="1" slicecount="1" values="0">
   </PIN>
   <PIN pinname="Filename" visible="1" slicecount="1" values="0000.obj">
   </PIN>
   <PIN pinname="Success" visible="1">
   </PIN>
   </NODE>
   <NODE systemname="I (Spreads)" nodename="I (Spreads)" componentmode="Hidden" id="91">
   <BOUNDS type="Node" left="13245" top="6075" width="100" height="100">
   </BOUNDS>
   <PIN pinname=".. To [" visible="1" slicecount="1" values="-1">
   </PIN>
   <PIN pinname="Output" visible="1">
   </PIN>
   <PIN pinname="[ From .." slicecount="1" visible="1" values="0">
   </PIN>
   </NODE>
   <NODE nodename="IOBox (String)" componentmode="InABox" id="90" systemname="IOBox (String)">
   <BOUNDS type="Node" left="10620" top="8550" width="0" height="0">
   </BOUNDS>
   <BOUNDS type="Box" left="10620" top="8550" width="525" height="240">
   </BOUNDS>
   <PIN pinname="Input String" slicecount="1" values="f">
   </PIN>
   <PIN pinname="Default" slicecount="1" values="text">
   </PIN>
   <PIN pinname="File Mask" slicecount="1" values="||">
   </PIN>
   <PIN pinname="Maximum Characters" slicecount="1" values="-1">
   </PIN>
   <PIN pinname="Output String" visible="1">
   </PIN>
   </NODE>
   <NODE systemname="IOBox (Value Advanced)" nodename="IOBox (Value Advanced)" componentmode="InABox" id="87">
   <BOUNDS type="Node" left="11295" top="570" width="100" height="100">
   </BOUNDS>
   <BOUNDS type="Box" left="11295" top="570" width="480" height="480">
   </BOUNDS>
   <PIN pinname="Value Type" slicecount="1" values="Boolean">
   </PIN>
   <PIN pinname="Behavior" slicecount="1" values="Bang">
   </PIN>
   <PIN pinname="Descriptive Name" slicecount="1" values="Export">
   </PIN>
   <PIN pinname="Y Output Value" visible="1">
   </PIN>
   </NODE>
   <NODE systemname="AsString (Value)" nodename="AsString (Value)" componentmode="Hidden" id="85">
   <BOUNDS type="Node" left="585" top="6885" width="100" height="100">
   </BOUNDS>
   <PIN pinname="Input" visible="1">
   </PIN>
   <PIN pinname="Output" visible="1">
   </PIN>
   </NODE>
   <NODE systemname="Vector (3d Split)" nodename="Vector (3d Split)" componentmode="Hidden" id="84">
   <BOUNDS type="Node" left="585" top="6240" width="1800" height="270">
   </BOUNDS>
   <PIN pinname="XYZ" visible="1">
   </PIN>
   <PIN pinname="X" visible="1">
   </PIN>
   <PIN pinname="Y" visible="1">
   </PIN>
   <PIN pinname="Z" visible="1">
   </PIN>
   </NODE>
   <LINK srcnodeid="84" srcpinname="X" dstnodeid="85" dstpinname="Input">
   </LINK>
   <NODE systemname="AsString (Value)" nodename="AsString (Value)" componentmode="Hidden" id="83">
   <BOUNDS type="Node" left="1455" top="6885" width="100" height="100">
   </BOUNDS>
   <PIN pinname="Input" visible="1">
   </PIN>
   <PIN pinname="Output" visible="1">
   </PIN>
   </NODE>
   <LINK srcnodeid="84" srcpinname="Y" dstnodeid="83" dstpinname="Input">
   </LINK>
   <NODE systemname="AsString (Value)" nodename="AsString (Value)" componentmode="Hidden" id="82">
   <BOUNDS type="Node" left="2310" top="6885" width="100" height="100">
   </BOUNDS>
   <PIN pinname="Input" visible="1">
   </PIN>
   <PIN pinname="Output" visible="1">
   </PIN>
   </NODE>
   <LINK srcnodeid="84" srcpinname="Z" dstnodeid="82" dstpinname="Input">
   </LINK>
   <NODE nodename="IOBox (String)" componentmode="InABox" id="80" systemname="IOBox (String)">
   <BOUNDS type="Node" left="135" top="4785" width="0" height="0">
   </BOUNDS>
   <BOUNDS type="Box" left="135" top="4785" width="795" height="240">
   </BOUNDS>
   <PIN pinname="Input String" slicecount="1" values="v">
   </PIN>
   <PIN pinname="Default" slicecount="1" values="text">
   </PIN>
   <PIN pinname="File Mask" slicecount="1" values="||">
   </PIN>
   <PIN pinname="Maximum Characters" slicecount="1" values="-1">
   </PIN>
   </NODE>
   <NODE systemname="AsString (Value)" nodename="AsString (Value)" componentmode="Hidden" id="79">
   <BOUNDS type="Node" left="7815" top="6885" width="100" height="100">
   </BOUNDS>
   <PIN pinname="Input" visible="1">
   </PIN>
   <PIN pinname="Output" visible="1">
   </PIN>
   </NODE>
   <NODE systemname="AsString (Value)" nodename="AsString (Value)" componentmode="Hidden" id="78">
   <BOUNDS type="Node" left="8685" top="6885" width="100" height="100">
   </BOUNDS>
   <PIN pinname="Input" visible="1">
   </PIN>
   <PIN pinname="Output" visible="1">
   </PIN>
   </NODE>
   <NODE nodename="IOBox (String)" componentmode="InABox" id="76" systemname="IOBox (String)">
   <BOUNDS type="Node" left="7380" top="4785" width="0" height="0">
   </BOUNDS>
   <BOUNDS type="Box" left="7380" top="4785" width="795" height="240">
   </BOUNDS>
   <PIN pinname="Input String" slicecount="1" values="vt">
   </PIN>
   <PIN pinname="Default" slicecount="1" values="text">
   </PIN>
   <PIN pinname="File Mask" slicecount="1" values="||">
   </PIN>
   <PIN pinname="Maximum Characters" slicecount="1" values="-1">
   </PIN>
   </NODE>
   <NODE systemname="Vector (2d Split)" nodename="Vector (2d Split)" componentmode="Hidden" id="75">
   <BOUNDS type="Node" left="7815" top="6240" width="1800" height="270">
   </BOUNDS>
   <PIN pinname="XYZ" visible="1">
   </PIN>
   <PIN pinname="X" visible="1">
   </PIN>
   <PIN pinname="Y" visible="1">
   </PIN>
   <PIN pinname="Z" visible="1">
   </PIN>
   <PIN pinname="XY" visible="1">
   </PIN>
   </NODE>
   <LINK srcnodeid="75" srcpinname="X" dstnodeid="79" dstpinname="Input">
   </LINK>
   <LINK srcnodeid="75" srcpinname="Y" dstnodeid="78" dstpinname="Input">
   </LINK>
   <NODE systemname="AsString (Value)" nodename="AsString (Value)" componentmode="Hidden" id="74">
   <BOUNDS type="Node" left="4500" top="6885" width="100" height="100">
   </BOUNDS>
   <PIN pinname="Input" visible="1">
   </PIN>
   <PIN pinname="Output" visible="1">
   </PIN>
   </NODE>
   <NODE systemname="Vector (3d Split)" nodename="Vector (3d Split)" componentmode="Hidden" id="73">
   <BOUNDS type="Node" left="4500" top="6240" width="1800" height="270">
   </BOUNDS>
   <PIN pinname="XYZ" visible="1" slicecount="1" values="0">
   </PIN>
   <PIN pinname="X" visible="1">
   </PIN>
   <PIN pinname="Y" visible="1">
   </PIN>
   <PIN pinname="Z" visible="1">
   </PIN>
   </NODE>
   <LINK srcnodeid="73" srcpinname="X" dstnodeid="74" dstpinname="Input">
   </LINK>
   <NODE systemname="AsString (Value)" nodename="AsString (Value)" componentmode="Hidden" id="72">
   <BOUNDS type="Node" left="5370" top="6885" width="100" height="100">
   </BOUNDS>
   <PIN pinname="Input" visible="1">
   </PIN>
   <PIN pinname="Output" visible="1">
   </PIN>
   </NODE>
   <LINK srcnodeid="73" srcpinname="Y" dstnodeid="72" dstpinname="Input">
   </LINK>
   <NODE systemname="AsString (Value)" nodename="AsString (Value)" componentmode="Hidden" id="71">
   <BOUNDS type="Node" left="6225" top="6885" width="100" height="100">
   </BOUNDS>
   <PIN pinname="Input" visible="1">
   </PIN>
   <PIN pinname="Output" visible="1">
   </PIN>
   </NODE>
   <LINK srcnodeid="73" srcpinname="Z" dstnodeid="71" dstpinname="Input">
   </LINK>
   <NODE nodename="IOBox (String)" componentmode="InABox" id="69" systemname="IOBox (String)">
   <BOUNDS type="Node" left="4050" top="4785" width="0" height="0">
   </BOUNDS>
   <BOUNDS type="Box" left="4050" top="4785" width="795" height="240">
   </BOUNDS>
   <PIN pinname="Input String" slicecount="1" values="vn">
   </PIN>
   <PIN pinname="Default" slicecount="1" values="text">
   </PIN>
   <PIN pinname="File Mask" slicecount="1" values="||">
   </PIN>
   <PIN pinname="Maximum Characters" slicecount="1" values="-1">
   </PIN>
   </NODE>
   <NODE nodename="IOBox (String)" componentmode="InABox" id="65" systemname="IOBox (String)">
   <BOUNDS type="Node" left="10230" top="7950" width="720" height="270">
   </BOUNDS>
   <BOUNDS type="Box" left="10230" top="7950" width="1530" height="525">
   </BOUNDS>
   <PIN pinname="Input String" visible="0" slicecount="1" values="Indices">
   </PIN>
   <PIN pinname="Output String" visible="0">
   </PIN>
   <PIN pinname="Show Grid" slicecount="1" values="0">
   </PIN>
   <PIN pinname="String Type" slicecount="1" values="MultiLine">
   </PIN>
   <PIN pinname="Size" slicecount="1" values="16">
   </PIN>
   </NODE>
   <NODE systemname="AsString (Value)" nodename="AsString (Value)" componentmode="Hidden" id="57">
   <BOUNDS type="Node" left="12480" top="8100" width="100" height="100">
   </BOUNDS>
   <PIN pinname="Input" visible="1" slicecount="1" values="0">
   </PIN>
   <PIN pinname="Output" visible="1">
   </PIN>
   <PIN pinname="SubType" slicecount="1" values="|Integer (0 .. MaxInt)|">
   </PIN>
   </NODE>
   <NODE systemname="AsString (Value)" nodename="AsString (Value)" componentmode="Hidden" id="55">
   <BOUNDS type="Node" left="13350" top="8100" width="100" height="100">
   </BOUNDS>
   <PIN pinname="Input" visible="1" slicecount="1" values="0">
   </PIN>
   <PIN pinname="Output" visible="1">
   </PIN>
   <PIN pinname="SubType" visible="1" slicecount="1" values="|Integer (0 .. MaxInt)|">
   </PIN>
   </NODE>
   <NODE systemname="AsString (Value)" nodename="AsString (Value)" componentmode="Hidden" id="54">
   <BOUNDS type="Node" left="14205" top="8100" width="100" height="100">
   </BOUNDS>
   <PIN pinname="Input" visible="1" slicecount="1" values="0">
   </PIN>
   <PIN pinname="Output" visible="1">
   </PIN>
   <PIN pinname="SubType" visible="1" slicecount="1" values="|Integer (0 .. MaxInt)|">
   </PIN>
   </NODE>
   <NODE systemname="Add (Value)" nodename="Add (Value)" componentmode="Hidden" id="47">
   <BOUNDS type="Node" left="12450" top="6885" width="100" height="100">
   </BOUNDS>
   <PIN pinname="Input 2" slicecount="1" values="1">
   </PIN>
   <PIN pinname="Output" visible="1">
   </PIN>
   </NODE>
   <NODE systemname="Multiply (Value)" nodename="Multiply (Value)" componentmode="Hidden" id="46">
   <BOUNDS type="Node" left="600" top="5640" width="100" height="100">
   </BOUNDS>
   <PIN pinname="Input 2" slicecount="2" values="-1,-1">
   </PIN>
   <PIN pinname="Input 1" visible="1" slicecount="1" values="0">
   </PIN>
   <PIN pinname="Output" visible="1">
   </PIN>
   </NODE>
   <LINK srcnodeid="46" srcpinname="Output" dstnodeid="84" dstpinname="XYZ">
   </LINK>
   <NODE nodename="IOBox (Value Advanced)" componentmode="InABox" id="45" systemname="IOBox (Value Advanced)">
   <BOUNDS type="Node" left="1635" top="4980" width="0" height="0">
   </BOUNDS>
   <BOUNDS type="Box" left="1635" top="4980" width="795" height="720">
   </BOUNDS>
   <PIN pinname="Y Input Value" slicecount="3" values="1,1,-1">
   </PIN>
   <PIN pinname="Units" slicecount="1" values="||">
   </PIN>
   <PIN pinname="Precision" slicecount="1" values="4">
   </PIN>
   <PIN pinname="Rows" slicecount="1" values="3">
   </PIN>
   <PIN pinname="Vector Size" slicecount="1" values="3">
   </PIN>
   <PIN pinname="Default" slicecount="1" values="|0, 0, 0|">
   </PIN>
   </NODE>
   <LINK srcnodeid="45" srcpinname="Y Output Value" dstnodeid="46" dstpinname="Input 2">
   </LINK>
   <NODE nodename="IOBox (String)" componentmode="InABox" id="44" systemname="IOBox (String)">
   <BOUNDS type="Node" left="9585" top="6915" width="0" height="0">
   </BOUNDS>
   <BOUNDS type="Box" left="9585" top="6915" width="285" height="240">
   </BOUNDS>
   <PIN pinname="Input String" slicecount="1" values="0">
   </PIN>
   <PIN pinname="Default" slicecount="1" values="text">
   </PIN>
   <PIN pinname="File Mask" slicecount="1" values="||">
   </PIN>
   <PIN pinname="Maximum Characters" slicecount="1" values="-1">
   </PIN>
   </NODE>
   <NODE nodename="IOBox (String)" componentmode="InABox" id="43" systemname="IOBox (String)">
   <BOUNDS type="Node" left="9885" top="6915" width="225" height="270">
   </BOUNDS>
   <BOUNDS type="Box" left="9885" top="6915" width="225" height="270">
   </BOUNDS>
   <PIN pinname="Input String" visible="0" slicecount="1" values="z">
   </PIN>
   <PIN pinname="Output String" visible="0">
   </PIN>
   <PIN pinname="Show Grid" slicecount="1" values="0">
   </PIN>
   <PIN pinname="String Type" slicecount="1" values="MultiLine">
   </PIN>
   </NODE>
   <NODE systemname="Vector (2d Join)" nodename="Vector (2d Join)" componentmode="Hidden" id="42">
   <BOUNDS type="Node" left="7815" top="5820" width="100" height="100">
   </BOUNDS>
   <PIN pinname="X" visible="1">
   </PIN>
   <PIN pinname="Y" visible="1">
   </PIN>
   <PIN pinname="XY" visible="1">
   </PIN>
   </NODE>
   <NODE systemname="WaveShaper (Value)" nodename="WaveShaper (Value)" componentmode="Hidden" id="41">
   <BOUNDS type="Node" left="8340" top="5490" width="100" height="100">
   </BOUNDS>
   <PIN pinname="Shape" slicecount="1" values="Inverse">
   </PIN>
   <PIN pinname="Input" visible="1">
   </PIN>
   <PIN pinname="Output" visible="1">
   </PIN>
   </NODE>
   <NODE systemname="Vector (2d Split)" nodename="Vector (2d Split)" componentmode="Hidden" id="40">
   <BOUNDS type="Node" left="7815" top="5175" width="100" height="100">
   </BOUNDS>
   <PIN pinname="XY" visible="1" slicecount="1" values="0">
   </PIN>
   <PIN pinname="X" visible="1">
   </PIN>
   <PIN pinname="Y" visible="1">
   </PIN>
   </NODE>
   <LINK srcnodeid="40" srcpinname="X" dstnodeid="42" dstpinname="X">
   </LINK>
   <LINK srcnodeid="42" srcpinname="XY" dstnodeid="75" dstpinname="XY">
   </LINK>
   <LINK srcnodeid="41" srcpinname="Output" dstnodeid="42" dstpinname="Y">
   </LINK>
   <LINK srcnodeid="40" srcpinname="Y" dstnodeid="41" dstpinname="Input">
   </LINK>
   <NODE systemname="Multiply (Value)" nodename="Multiply (Value)" componentmode="Hidden" id="39">
   <BOUNDS type="Node" left="4500" top="5745" width="100" height="100">
   </BOUNDS>
   <PIN pinname="Input 2" visible="1" slicecount="3" values="-1,-1,-1">
   </PIN>
   <PIN pinname="Input 1" visible="1" slicecount="1" values="0">
   </PIN>
   <PIN pinname="Output" visible="1">
   </PIN>
   </NODE>
   <NODE nodename="IOBox (Value Advanced)" componentmode="InABox" id="38" systemname="IOBox (Value Advanced)">
   <BOUNDS type="Node" left="5805" top="4740" width="0" height="0">
   </BOUNDS>
   <BOUNDS type="Box" left="5805" top="4740" width="795" height="720">
   </BOUNDS>
   <PIN pinname="Y Input Value" slicecount="3" values="1,1,-1">
   </PIN>
   <PIN pinname="Units" slicecount="1" values="||">
   </PIN>
   <PIN pinname="Precision" slicecount="1" values="4">
   </PIN>
   <PIN pinname="Rows" slicecount="1" values="3">
   </PIN>
   <PIN pinname="Vector Size" slicecount="1" values="3">
   </PIN>
   <PIN pinname="Default" slicecount="1" values="|0, 0, 0|">
   </PIN>
   <PIN pinname="Y Output Value" visible="1">
   </PIN>
   </NODE>
   <NODE nodename="IOBox (String)" componentmode="InABox" id="37" systemname="IOBox (String)">
   <BOUNDS type="Node" left="12285" top="10050" width="1035" height="270">
   </BOUNDS>
   <BOUNDS type="Box" left="12285" top="10050" width="1035" height="270">
   </BOUNDS>
   <PIN pinname="Input String" visible="0" slicecount="1" values="|f v1/vt1/vn1|">
   </PIN>
   <PIN pinname="Output String" visible="0">
   </PIN>
   <PIN pinname="Show Grid" slicecount="1" values="0">
   </PIN>
   <PIN pinname="String Type" slicecount="1" values="MultiLine">
   </PIN>
   </NODE>
   <NODE systemname="Add (String)" nodename="Add (String)" componentmode="Hidden" id="36">
   <BOUNDS type="Node" left="12120" top="8535" width="100" height="100">
   </BOUNDS>
   <PIN pinname="Input 1" slicecount="1" visible="1" values="1/1">
   </PIN>
   <PIN pinname="Input Count" slicecount="1" values="3">
   </PIN>
   <PIN pinname="Input 2" slicecount="1" visible="1" values="vn">
   </PIN>
   <PIN pinname="Input 3" visible="1" slicecount="1" values="text">
   </PIN>
   <PIN pinname="Output" visible="1">
   </PIN>
   <PIN pinname="Intersperse" slicecount="1" values="UnixPath">
   </PIN>
   </NODE>
   <NODE systemname="Add (String)" nodename="Add (String)" componentmode="Hidden" id="35">
   <BOUNDS type="Node" left="13215" top="8535" width="100" height="100">
   </BOUNDS>
   <PIN pinname="Input 1" visible="1">
   </PIN>
   <PIN pinname="Input Count" slicecount="1" values="3">
   </PIN>
   <PIN pinname="Input 2" visible="1">
   </PIN>
   <PIN pinname="Input 3" visible="1">
   </PIN>
   <PIN pinname="Output" visible="1">
   </PIN>
   <PIN pinname="Intersperse" slicecount="1" values="UnixPath">
   </PIN>
   </NODE>
   <NODE systemname="Add (String)" nodename="Add (String)" componentmode="Hidden" id="34">
   <BOUNDS type="Node" left="14520" top="8535" width="100" height="100">
   </BOUNDS>
   <PIN pinname="Input 1" visible="1">
   </PIN>
   <PIN pinname="Input Count" slicecount="1" values="3">
   </PIN>
   <PIN pinname="Input 2" visible="1">
   </PIN>
   <PIN pinname="Input 3" visible="1">
   </PIN>
   <PIN pinname="Output" visible="1">
   </PIN>
   <PIN pinname="Intersperse" slicecount="1" values="UnixPath">
   </PIN>
   </NODE>
   <NODE systemname="Add (Value)" nodename="Add (Value)" componentmode="Hidden" id="33">
   <BOUNDS type="Node" left="13440" top="5730" width="345" height="270">
   </BOUNDS>
   <PIN pinname="Input 1" visible="1" slicecount="2" values="0,0">
   </PIN>
   <PIN pinname="Input 2" slicecount="1" visible="1" values="1">
   </PIN>
   <PIN pinname="Output" visible="1">
   </PIN>
   <PIN pinname="Input Count" slicecount="1" values="2">
   </PIN>
   </NODE>
   <LINK srcnodeid="33" srcpinname="Output" dstnodeid="91" dstpinname=".. To [">
   </LINK>
   <LINK srcnodeid="57" srcpinname="Output" dstnodeid="36" dstpinname="Input 1">
   </LINK>
   <LINK srcnodeid="57" srcpinname="Output" dstnodeid="36" dstpinname="Input 2">
   </LINK>
   <LINK srcnodeid="57" srcpinname="Output" dstnodeid="36" dstpinname="Input 3">
   </LINK>
   <LINK srcnodeid="55" srcpinname="Output" dstnodeid="35" dstpinname="Input 1">
   </LINK>
   <LINK srcnodeid="55" srcpinname="Output" dstnodeid="35" dstpinname="Input 2">
   </LINK>
   <LINK srcnodeid="55" srcpinname="Output" dstnodeid="35" dstpinname="Input 3">
   </LINK>
   <LINK srcnodeid="54" srcpinname="Output" dstnodeid="34" dstpinname="Input 1">
   </LINK>
   <LINK srcnodeid="54" srcpinname="Output" dstnodeid="34" dstpinname="Input 2">
   </LINK>
   <LINK srcnodeid="54" srcpinname="Output" dstnodeid="34" dstpinname="Input 3">
   </LINK>
   <NODE nodename="IOBox (Value Advanced)" componentmode="InABox" id="32" systemname="IOBox (Value Advanced)">
   <BOUNDS type="Box" left="1080" top="15750" width="480" height="480">
   </BOUNDS>
   <BOUNDS type="Node" left="1080" top="15750" width="0" height="0">
   </BOUNDS>
   <PIN pinname="Units" slicecount="1" values="||">
   </PIN>
   <PIN pinname="Precision" slicecount="1" values="4">
   </PIN>
   <PIN pinname="Value Type" slicecount="1" values="Boolean">
   </PIN>
   <PIN pinname="Behavior" slicecount="1" values="Toggle">
   </PIN>
   <PIN pinname="Descriptive Name" slicecount="1" values="Success">
   </PIN>
   </NODE>
   <LINK srcnodeid="93" srcpinname="Success" dstnodeid="32" dstpinname="Y Input Value">
   </LINK>
   <NODE nodename="IOBox (String)" componentmode="InABox" id="31" systemname="IOBox (String)">
   <BOUNDS type="Box" left="2280" top="15855" width="795" height="240">
   </BOUNDS>
   <BOUNDS type="Node" left="2280" top="15855" width="0" height="0">
   </BOUNDS>
   <PIN pinname="Default" slicecount="1" values="||">
   </PIN>
   <PIN pinname="File Mask" slicecount="1" values="||">
   </PIN>
   <PIN pinname="Maximum Characters" slicecount="1" values="-1">
   </PIN>
   <PIN pinname="Descriptive Name" slicecount="1" values="Message">
   </PIN>
   </NODE>
   <LINK srcnodeid="93" srcpinname="Message" dstnodeid="31" dstpinname="Input String">
   </LINK>
   <LINK srcnodeid="39" srcpinname="Output" dstnodeid="73" dstpinname="XYZ">
   </LINK>
   <LINK srcnodeid="38" srcpinname="Y Output Value" dstnodeid="39" dstpinname="Input 2">
   </LINK>
   <NODE nodename="IOBox (String)" componentmode="InABox" id="30" systemname="IOBox (String)">
   <BOUNDS type="Node" left="14955" top="8115" width="1530" height="270">
   </BOUNDS>
   <BOUNDS type="Box" left="14955" top="8115" width="1530" height="270">
   </BOUNDS>
   <PIN pinname="Input String" visible="0" slicecount="1" values="|Reverse draw order|">
   </PIN>
   <PIN pinname="Output String" visible="0">
   </PIN>
   <PIN pinname="Show Grid" slicecount="1" values="0">
   </PIN>
   <PIN pinname="String Type" slicecount="1" values="MultiLine">
   </PIN>
   </NODE>
   <NODE systemname="CDR (String)" nodename="CDR (String)" componentmode="Hidden" id="29">
   <BOUNDS type="Node" left="11445" top="9615" width="100" height="100">
   </BOUNDS>
   <PIN pinname="Input" visible="1" slicecount="1" values="|f 3/3/3 2/2/2 1/1/1|">
   </PIN>
   <PIN pinname="Remainder" visible="1">
   </PIN>
   </NODE>
   <NODE systemname="Add (String)" nodename="Add (String)" componentmode="Hidden" id="28">
   <BOUNDS type="Node" left="1440" top="10725" width="100" height="100">
   </BOUNDS>
   <PIN pinname="Input 1" visible="1" slicecount="1" values="|D:\Pics\! 3D\DX11test.obj|">
   </PIN>
   <PIN pinname="Output" visible="1">
   </PIN>
   </NODE>
   <NODE nodename="IOBox (String)" componentmode="InABox" id="27" systemname="IOBox (String)">
   <BOUNDS type="Box" left="1575" top="10305" width="795" height="240">
   </BOUNDS>
   <BOUNDS type="Node" left="1575" top="10305" width="0" height="0">
   </BOUNDS>
   <PIN pinname="Input String" slicecount="1" values=".obj">
   </PIN>
   <PIN pinname="Default" slicecount="1" values="text">
   </PIN>
   <PIN pinname="File Mask" slicecount="1" values="||">
   </PIN>
   <PIN pinname="Maximum Characters" slicecount="1" values="-1">
   </PIN>
   </NODE>
   <LINK srcnodeid="27" srcpinname="Output String" dstnodeid="28" dstpinname="Input 2">
   </LINK>
   <NODE systemname="CountIndices (Spreads)" nodename="CountIndices (Spreads)" componentmode="Hidden" id="26">
   <BOUNDS type="Node" left="13365" top="4200" width="100" height="100">
   </BOUNDS>
   <PIN pinname="Spread Count" visible="1" slicecount="1" values="216">
   </PIN>
   <PIN pinname="Index Hit Count" visible="1">
   </PIN>
   <PIN pinname="Indices" visible="1">
   </PIN>
   </NODE>
   <NODE nodename="IOBox (Value Advanced)" componentmode="InABox" id="25" systemname="IOBox (Value Advanced)">
   <BOUNDS type="Box" left="14370" top="9840" width="795" height="240">
   </BOUNDS>
   <BOUNDS type="Node" left="14370" top="9840" width="0" height="0">
   </BOUNDS>
   <PIN pinname="Units" slicecount="1" values="||">
   </PIN>
   <PIN pinname="Precision" slicecount="1" values="4">
   </PIN>
   <PIN pinname="Value Type" slicecount="1" values="Integer">
   </PIN>
   <PIN pinname="Y Output Value" visible="1">
   </PIN>
   </NODE>
   <LINK srcnodeid="26" srcpinname="Index Hit Count" dstnodeid="25" dstpinname="Y Input Value">
   </LINK>
   <NODE systemname="IOBox (Value Advanced)" nodename="IOBox (Value Advanced)" componentmode="InABox" id="23">
   <BOUNDS type="Node" left="11490" top="3375" width="100" height="100">
   </BOUNDS>
   <BOUNDS type="Box" left="11490" top="3375" width="795" height="240">
   </BOUNDS>
   <PIN pinname="Value Type" slicecount="1" values="Integer">
   </PIN>
   <PIN pinname="Descriptive Name" slicecount="1" values="InstanceID">
   </PIN>
   <PIN pinname="Y Input Value" visible="1" slicecount="1" values="0">
   </PIN>
   <PIN pinname="Y Output Value" visible="1">
   </PIN>
   </NODE>
   <NODE nodename="IOBox (Value Advanced)" componentmode="InABox" id="21" systemname="IOBox (Value Advanced)">
   <BOUNDS type="Node" left="8925" top="570" width="0" height="0">
   </BOUNDS>
   <BOUNDS type="Box" left="8925" top="570" width="480" height="480">
   </BOUNDS>
   <PIN pinname="Y Input Value" slicecount="1" values="0">
   </PIN>
   <PIN pinname="Units" slicecount="1" encoded="0" values="||">
   </PIN>
   <PIN pinname="Precision" slicecount="1" values="4">
   </PIN>
   <PIN pinname="Value Type" slicecount="1" values="Boolean">
   </PIN>
   <PIN pinname="Behavior" slicecount="1" values="Toggle">
   </PIN>
   <PIN pinname="Descriptive Name" slicecount="1" encoded="0" values="|Use Subsets|">
   </PIN>
   <PIN pinname="X Input Value" slicecount="1" values="1">
   </PIN>
   <PIN pinname="Y Output Value" visible="1">
   </PIN>
   </NODE>
   <NODE systemname="AND (Boolean)" nodename="AND (Boolean)" componentmode="Hidden" id="94">
   <BOUNDS type="Node" left="12090" top="2400" width="465" height="270">
   </BOUNDS>
   <PIN pinname="Input 2" visible="1" slicecount="1" values="0">
   </PIN>
   <PIN pinname="Input 1" visible="1">
   </PIN>
   <PIN pinname="Output" visible="1">
   </PIN>
   </NODE>
   <LINK srcnodeid="21" srcpinname="Y Output Value" dstnodeid="94" dstpinname="Input 1">
   </LINK>
   <LINK srcnodeid="23" srcpinname="Y Output Value" dstnodeid="26" dstpinname="Indices">
   </LINK>
   <NODE systemname="Add (String)" nodename="Add (String)" componentmode="Hidden" id="103">
   <BOUNDS type="Node" left="8910" top="12870" width="100" height="100">
   </BOUNDS>
   <PIN pinname="Intersperse" slicecount="1" values="None">
   </PIN>
   <PIN pinname="Input 1" slicecount="1" encoded="0" values="|o |">
   </PIN>
   <PIN pinname="Input 2" visible="1" slicecount="1" values="text">
   </PIN>
   <PIN pinname="Input Count" slicecount="1" values="3">
   </PIN>
   <PIN pinname="Input 3" visible="1" slicecount="1" values="1">
   </PIN>
   <PIN pinname="Output" visible="1">
   </PIN>
   </NODE>
   <NODE systemname="I (Spreads)" nodename="I (Spreads)" componentmode="Hidden" id="101">
   <BOUNDS type="Node" left="9180" top="11445" width="100" height="100">
   </BOUNDS>
   <PIN pinname=".. To [" visible="1" slicecount="1" values="1">
   </PIN>
   <PIN pinname="Output" visible="1">
   </PIN>
   <PIN pinname="[ From .." slicecount="1" values="1">
   </PIN>
   <PIN pinname="Phase" visible="1" slicecount="1" values="0">
   </PIN>
   </NODE>
   <NODE systemname="Add (Value)" nodename="Add (Value)" componentmode="Hidden" id="99">
   <BOUNDS type="Node" left="9390" top="10845" width="100" height="100">
   </BOUNDS>
   <PIN pinname="Input 2" slicecount="1" values="1">
   </PIN>
   <PIN pinname="Input 1" visible="1" slicecount="1" values="1">
   </PIN>
   <PIN pinname="Output" visible="1">
   </PIN>
   </NODE>
   <NODE systemname="FileName (File Split)" nodename="FileName (File Split)" componentmode="Hidden" id="111">
   <BOUNDS type="Node" left="5640" top="10740" width="100" height="100">
   </BOUNDS>
   <PIN pinname="Filename" visible="1" slicecount="1" values="astroBoyExport.obj">
   </PIN>
   <PIN pinname="Shortname" visible="1">
   </PIN>
   </NODE>
   <LINK srcnodeid="111" srcpinname="Shortname" dstnodeid="103" dstpinname="Input 2">
   </LINK>
   <NODE id="113" nodename="AsString (Value)" systemname="AsString (Value)">
   <BOUNDS height="0" left="9240" top="11910" type="Node" width="0">
   </BOUNDS>
   <PIN pinname="Input" visible="1" slicecount="1" values="2">
   </PIN>
   <PIN pinname="SubType" slicecount="1" values="|Integer (MinInt .. MaxInt)|">
   </PIN>
   <PIN pinname="Output" visible="1">
   </PIN>
   </NODE>
   <NODE id="112" nodename="Pad (String)" systemname="Pad (String)">
   <BOUNDS height="0" left="9240" top="12360" type="Node" width="0">
   </BOUNDS>
   <PIN pinname="Input" visible="1">
   </PIN>
   <PIN encoded="0" pinname="Padding" slicecount="1" values="0">
   </PIN>
   <PIN pinname="Size" slicecount="1" visible="1" values="5">
   </PIN>
   <PIN pinname="Align" slicecount="1" values="Right">
   </PIN>
   <PIN pinname="Output" visible="1">
   </PIN>
   </NODE>
   <LINK dstnodeid="112" dstpinname="Input" linkstyle="PolyLine" srcnodeid="113" srcpinname="Output">
   </LINK>
   <LINK srcnodeid="101" srcpinname="Output" dstnodeid="113" dstpinname="Input">
   </LINK>
   <NODE systemname="IOBox (Value Advanced)" nodename="IOBox (Value Advanced)" componentmode="InABox" id="114">
   <BOUNDS type="Node" left="6570" top="570" width="100" height="100">
   </BOUNDS>
   <BOUNDS type="Box" left="6570" top="570" width="795" height="240">
   </BOUNDS>
   <PIN pinname="Value Type" slicecount="1" values="Integer">
   </PIN>
   <PIN pinname="Descriptive Name" slicecount="1" values="|Instance Count|">
   </PIN>
   <PIN pinname="Y Input Value" slicecount="1" values="1">
   </PIN>
   <PIN pinname="Y Output Value" visible="1">
   </PIN>
   </NODE>
   <LINK srcnodeid="114" srcpinname="Y Output Value" dstnodeid="99" dstpinname="Input 1">
   </LINK>
   <LINK srcnodeid="99" srcpinname="Output" dstnodeid="101" dstpinname=".. To [">
   </LINK>
   <LINK srcnodeid="112" srcpinname="Output" dstnodeid="103" dstpinname="Input 3">
   </LINK>
   <NODE nodename="IOBox (Value Advanced)" componentmode="InABox" id="116" systemname="IOBox (Value Advanced)">
   <BOUNDS type="Box" left="10335" top="12150" width="795" height="240">
   </BOUNDS>
   <BOUNDS type="Node" left="10335" top="12150" width="0" height="0">
   </BOUNDS>
   <PIN pinname="Y Input Value" slicecount="1" visible="1" values="0">
   </PIN>
   <PIN pinname="Units" slicecount="1" values="||">
   </PIN>
   <PIN pinname="Precision" slicecount="1" values="4">
   </PIN>
   <PIN pinname="Value Type" slicecount="1" values="Integer">
   </PIN>
   <PIN pinname="Descriptive Name" slicecount="1" values="|Subset Name Padding|">
   </PIN>
   </NODE>
   <LINK srcnodeid="116" srcpinname="Y Output Value" dstnodeid="112" dstpinname="Size">
   </LINK>
   <NODE systemname="Add (String Spectral)" nodename="Add (String Spectral)" componentmode="Hidden" id="118">
   <BOUNDS type="Node" left="3120" top="15120" width="600" height="270">
   </BOUNDS>
   <PIN pinname="Intersperse">
   </PIN>
   <PIN pinname="Input">
   </PIN>
   <PIN pinname="Output" visible="1">
   </PIN>
   </NODE>
   <NODE nodename="IOBox (Enumerations)" componentmode="InABox" id="117" systemname="IOBox (Enumerations)">
   <BOUNDS type="Node" left="3780" top="15135" width="0" height="0">
   </BOUNDS>
   <BOUNDS type="Box" left="3780" top="15135" width="2010" height="240">
   </BOUNDS>
   <PIN pinname="Input Enum" slicecount="1" values="CarriageReturnLineFeed">
   </PIN>
   </NODE>
   <LINK srcnodeid="117" srcpinname="Output Enum" dstnodeid="118" dstpinname="Intersperse">
   </LINK>
   <LINK srcnodeid="118" srcpinname="Output" dstnodeid="93" dstpinname="Content">
   </LINK>
   <NODE systemname="ReadBack (DX11.Buffer Raw)" filename="%VVVV%\packs\dx11\nodes\plugins\VVVV.DX11.Nodes.dll" nodename="ReadBack (DX11.Buffer Raw)" componentmode="Hidden" id="125">
   <BOUNDS type="Node" left="810" top="3195" width="7395" height="270">
   </BOUNDS>
   <PIN pinname="Input" visible="1" slicecount="1" values="||">
   </PIN>
   <PIN pinname="Stride" slicecount="1" values="36">
   </PIN>
   <PIN pinname="Descriptive Name" slicecount="1" values="|float3,float3,float2|">
   </PIN>
   <PIN pinname="Layout" slicecount="1" values="|float3,float3,float2|">
   </PIN>
   <PIN pinname="Output 1XYZ" visible="1">
   </PIN>
   <PIN pinname="Output 2XYZ" visible="1">
   </PIN>
   <PIN pinname="Output 3XY" visible="1">
   </PIN>
   <PIN pinname="Output 4" visible="1">
   </PIN>
   </NODE>
   <NODE nodename="IOBox (Value Advanced)" componentmode="InABox" id="124" systemname="IOBox (Value Advanced)">
   <BOUNDS type="Node" left="810" top="2865" width="0" height="0">
   </BOUNDS>
   <BOUNDS type="Box" left="810" top="2865" width="795" height="240">
   </BOUNDS>
   <PIN pinname="Y Input Value" slicecount="1" values="32">
   </PIN>
   <PIN pinname="Units" slicecount="1" values="||">
   </PIN>
   <PIN pinname="Precision" slicecount="1" values="4">
   </PIN>
   <PIN pinname="Value Type" slicecount="1" values="Integer">
   </PIN>
   </NODE>
   <LINK srcnodeid="124" srcpinname="Y Output Value" dstnodeid="125" dstpinname="Stride">
   </LINK>
   <NODE systemname="Switch (Value Input)" nodename="Switch (Value Input)" componentmode="Hidden" id="126">
   <BOUNDS type="Node" left="600" top="4335" width="100" height="100">
   </BOUNDS>
   <PIN pinname="Switch" visible="1" slicecount="1" values="0">
   </PIN>
   <PIN pinname="Input 2" visible="1">
   </PIN>
   <PIN pinname="Output" visible="1">
   </PIN>
   </NODE>
   <LINK srcnodeid="125" srcpinname="Output 1XYZ" dstnodeid="126" dstpinname="Input 2">
   </LINK>
   <NODE systemname="Switch (Value Input)" nodename="Switch (Value Input)" componentmode="Hidden" id="127">
   <BOUNDS type="Node" left="4485" top="4335" width="100" height="100">
   </BOUNDS>
   <PIN pinname="Switch" visible="1" slicecount="1" values="0">
   </PIN>
   <PIN pinname="Output" visible="1">
   </PIN>
   </NODE>
   <LINK srcnodeid="125" srcpinname="Output 2XYZ" dstnodeid="127" dstpinname="Input 2">
   </LINK>
   <NODE systemname="Switch (Value Input)" nodename="Switch (Value Input)" componentmode="Hidden" id="128">
   <BOUNDS type="Node" left="7830" top="4335" width="100" height="100">
   </BOUNDS>
   <PIN pinname="Switch" visible="1" slicecount="1" values="0">
   </PIN>
   <PIN pinname="Output" visible="1">
   </PIN>
   </NODE>
   <LINK srcnodeid="125" srcpinname="Output 3XY" dstnodeid="128" dstpinname="Input 2">
   </LINK>
   <LINK srcnodeid="3" srcpinname="Output String" dstnodeid="28" dstpinname="Input 1">
   </LINK>
   <LINK srcnodeid="3" srcpinname="Output String" dstnodeid="111" dstpinname="Filename">
   </LINK>
   <LINK srcnodeid="94" srcpinname="Output" dstnodeid="19" dstpinname="Enabled">
   </LINK>
   <LINK srcnodeid="19" srcpinname="Output" dstnodeid="23" dstpinname="Y Input Value">
   </LINK>
   <LINK srcnodeid="114" srcpinname="Y Output Value" dstnodeid="26" dstpinname="Spread Count">
   </LINK>
   <NODE systemname="Select (Value)" filename="%VVVV%\lib\nodes\plugins\VVVV.Nodes.dll" nodename="Select (Value)" componentmode="Hidden" id="137">
   <BOUNDS type="Node" left="10140" top="13020" width="100" height="100">
   </BOUNDS>
   <PIN pinname="Input" slicecount="1" visible="1" values="0">
   </PIN>
   <PIN pinname="Select" visible="1">
   </PIN>
   <PIN pinname="Output" visible="1">
   </PIN>
   </NODE>
   <LINK srcnodeid="114" srcpinname="Y Output Value" dstnodeid="137" dstpinname="Select">
   </LINK>
   <NODE systemname="Divide (Value)" nodename="Divide (Value)" componentmode="Hidden" id="140">
   <BOUNDS type="Node" left="10830" top="13035" width="100" height="100">
   </BOUNDS>
   <PIN pinname="Input 2" slicecount="1" values="3">
   </PIN>
   <PIN pinname="Input" visible="1">
   </PIN>
   <PIN pinname="Output" visible="1">
   </PIN>
   </NODE>
   <LINK srcnodeid="25" srcpinname="Y Output Value" dstnodeid="140" dstpinname="Input">
   </LINK>
   <NODE systemname="Integral (Spreads)" filename="%VVVV%\lib\nodes\plugins\VVVV.Nodes.dll" nodename="Integral (Spreads)" componentmode="Hidden" id="141">
   <BOUNDS type="Node" left="13410" top="4935" width="100" height="100">
   </BOUNDS>
   <PIN pinname="Input" visible="1">
   </PIN>
   <PIN pinname="Output" visible="1">
   </PIN>
   </NODE>
   <LINK srcnodeid="26" srcpinname="Index Hit Count" dstnodeid="141" dstpinname="Input">
   </LINK>
   <NODE systemname="CDR (Spreads)" nodename="CDR (Spreads)" componentmode="Hidden" id="142">
   <BOUNDS type="Node" left="13395" top="5265" width="100" height="100">
   </BOUNDS>
   <PIN pinname="Input" visible="1">
   </PIN>
   <PIN pinname="Remainder" visible="1">
   </PIN>
   </NODE>
   <LINK srcnodeid="141" srcpinname="Output" dstnodeid="142" dstpinname="Input">
   </LINK>
   <LINK srcnodeid="142" srcpinname="Remainder" dstnodeid="91" dstpinname="[ From ..">
   </LINK>
   <LINK srcnodeid="142" srcpinname="Remainder" dstnodeid="33" dstpinname="Input 1">
   </LINK>
   <LINK srcnodeid="26" srcpinname="Index Hit Count" dstnodeid="33" dstpinname="Input 2">
   </LINK>
   <NODE nodename="IOBox (Value Advanced)" componentmode="InABox" id="145" systemname="IOBox (Value Advanced)">
   <BOUNDS type="Box" left="11445" top="1695" width="480" height="480">
   </BOUNDS>
   <BOUNDS type="Node" left="11445" top="1695" width="0" height="0">
   </BOUNDS>
   <PIN pinname="Units" slicecount="1" values="||">
   </PIN>
   <PIN pinname="Precision" slicecount="1" values="4">
   </PIN>
   <PIN pinname="Value Type" slicecount="1" values="Boolean">
   </PIN>
   <PIN pinname="Behavior" slicecount="1" values="Toggle">
   </PIN>
   <PIN pinname="Y Output Value" visible="1">
   </PIN>
   <PIN pinname="Y Input Value" visible="1" slicecount="1" values="0">
   </PIN>
   </NODE>
   <LINK srcnodeid="145" srcpinname="Y Output Value" dstnodeid="94" dstpinname="Input 2">
   </LINK>
   <LINK srcnodeid="145" srcpinname="Y Output Value" dstnodeid="126" dstpinname="Switch">
   </LINK>
   <LINK srcnodeid="145" srcpinname="Y Output Value" dstnodeid="127" dstpinname="Switch">
   </LINK>
   <LINK srcnodeid="145" srcpinname="Y Output Value" dstnodeid="128" dstpinname="Switch">
   </LINK>
   <LINK srcnodeid="127" srcpinname="Output" dstnodeid="39" dstpinname="Input 1">
   </LINK>
   <LINK srcnodeid="126" srcpinname="Output" dstnodeid="46" dstpinname="Input 1">
   </LINK>
   <LINK srcnodeid="128" srcpinname="Output" dstnodeid="40" dstpinname="XY">
   </LINK>
   <LINK srcnodeid="21" srcpinname="Y Output Value" dstnodeid="137" dstpinname="Input">
   </LINK>
   <NODE systemname="Switch (String Input)" nodename="Switch (String Input)" componentmode="Hidden" id="147">
   <BOUNDS type="Node" left="2235" top="14565" width="5475" height="270">
   </BOUNDS>
   <PIN pinname="Switch" visible="1">
   </PIN>
   <PIN pinname="Input 2" visible="1" slicecount="1" values="text">
   </PIN>
   <PIN pinname="Output" visible="1">
   </PIN>
   <PIN pinname="Input 1" visible="1" slicecount="9" values="|v 0.0000 0.0000 -0.0000|,|v 0.0000 0.0000 -0.0000|,|v 0.0000 0.0000 -0.0000|,|vn 0.0000 0.0000 -0.0000|,|vn 0.0000 0.0000 -0.0000|,|vn 0.0000 0.0000 -0.0000|,|vt 0.0000 1.0000 0|,|vt 0.0000 1.0000 0|,|vt 0.0000 1.0000 0|">
   </PIN>
   </NODE>
   <LINK srcnodeid="21" srcpinname="Y Output Value" dstnodeid="147" dstpinname="Switch">
   </LINK>
   <LINK srcnodeid="147" srcpinname="Output" dstnodeid="118" dstpinname="Input">
   </LINK>
   <NODE systemname="Count (Value)" nodename="Count (Value)" componentmode="Hidden" id="149">
   <BOUNDS type="Node" left="11640" top="4485" width="100" height="100">
   </BOUNDS>
   <PIN pinname="Input" visible="1">
   </PIN>
   <PIN pinname="Count" visible="1">
   </PIN>
   </NODE>
   <LINK srcnodeid="23" srcpinname="Y Output Value" dstnodeid="149" dstpinname="Input">
   </LINK>
   <NODE systemname="EQ (Value)" nodename="EQ (Value)" componentmode="Hidden" id="150">
   <BOUNDS type="Node" left="11685" top="5235" width="100" height="100">
   </BOUNDS>
   <PIN pinname="Input 1" visible="1">
   </PIN>
   <PIN pinname="Output" visible="1">
   </PIN>
   </NODE>
   <LINK srcnodeid="149" srcpinname="Count" dstnodeid="150" dstpinname="Input 1">
   </LINK>
   <NODE systemname="Switch (Value Input)" nodename="Switch (Value Input)" componentmode="Hidden" id="151">
   <BOUNDS type="Node" left="12420" top="6555" width="2160" height="270">
   </BOUNDS>
   <PIN pinname="Switch" visible="1" slicecount="1" values="1">
   </PIN>
   <PIN pinname="Input 2" visible="1">
   </PIN>
   <PIN pinname="Output" visible="1">
   </PIN>
   </NODE>
   <NODE systemname="I (Spreads)" nodename="I (Spreads)" componentmode="Hidden" id="152">
   <BOUNDS type="Node" left="14610" top="6090" width="100" height="100">
   </BOUNDS>
   <PIN pinname=".. To [" visible="1" slicecount="1" values="2000">
   </PIN>
   <PIN pinname="Output" visible="1">
   </PIN>
   </NODE>
   <LINK srcnodeid="151" srcpinname="Output" dstnodeid="47" dstpinname="Input 1">
   </LINK>
   <NODE systemname="EQ (Value)" nodename="EQ (Value)" componentmode="Hidden" id="156">
   <BOUNDS type="Node" left="12450" top="5250" width="100" height="100">
   </BOUNDS>
   <PIN pinname="Input 1" visible="1">
   </PIN>
   <PIN pinname="Output" visible="1">
   </PIN>
   </NODE>
   <LINK srcnodeid="21" srcpinname="Y Output Value" dstnodeid="156" dstpinname="Input 1">
   </LINK>
   <NODE systemname="OR (Boolean)" nodename="OR (Boolean)" componentmode="Hidden" id="157">
   <BOUNDS type="Node" left="11970" top="5850" width="100" height="100">
   </BOUNDS>
   <PIN pinname="Input 1" visible="1" slicecount="1" values="1">
   </PIN>
   <PIN pinname="Input 2" visible="1">
   </PIN>
   <PIN pinname="Output" visible="1">
   </PIN>
   </NODE>
   <LINK srcnodeid="156" srcpinname="Output" dstnodeid="157" dstpinname="Input 2">
   </LINK>
   <LINK srcnodeid="150" srcpinname="Output" dstnodeid="157" dstpinname="Input 1">
   </LINK>
   <LINK srcnodeid="157" srcpinname="Output" dstnodeid="151" dstpinname="Switch">
   </LINK>
   <LINK srcnodeid="152" srcpinname="Output" dstnodeid="151" dstpinname="Input 2">
   </LINK>
   <LINK srcnodeid="91" srcpinname="Output" dstnodeid="151" dstpinname="Input 1">
   </LINK>
   <NODE systemname="IOBox (Value Advanced)" nodename="IOBox (Value Advanced)" componentmode="InABox" id="158">
   <BOUNDS type="Node" left="6045" top="12630" width="100" height="100">
   </BOUNDS>
   <BOUNDS type="Box" left="6045" top="12630" width="795" height="240">
   </BOUNDS>
   <PIN pinname="Value Type" slicecount="1" values="Integer">
   </PIN>
   <PIN pinname="Y Input Value" slicecount="1" values="3">
   </PIN>
   <PIN pinname="Y Output Value" visible="1">
   </PIN>
   </NODE>
   <NODE systemname="IOBox (Value Advanced)" nodename="IOBox (Value Advanced)" componentmode="InABox" id="159">
   <BOUNDS type="Node" left="6945" top="12630" width="100" height="100">
   </BOUNDS>
   <BOUNDS type="Box" left="6945" top="12630" width="795" height="240">
   </BOUNDS>
   <PIN pinname="Value Type" slicecount="1" values="Integer">
   </PIN>
   <PIN pinname="Y Input Value" slicecount="1" values="1">
   </PIN>
   <PIN pinname="Y Output Value" visible="1">
   </PIN>
   </NODE>
   <NODE systemname="FrameDelay (Value)" filename="%VVVV%\lib\nodes\plugins\VVVV.Nodes.dll" nodename="FrameDelay (Value)" componentmode="Hidden" id="160">
   <BOUNDS type="Node" left="780" top="14565" width="100" height="100">
   </BOUNDS>
   <PIN pinname="Input 1" visible="1" slicecount="1" values="0">
   </PIN>
   <PIN pinname="Output 1" visible="1">
   </PIN>
   </NODE>
   <NODE nodename="IOBox (String)" componentmode="InABox" id="161" systemname="IOBox (String)">
   <BOUNDS type="Node" left="810" top="7890" width="390" height="270">
   </BOUNDS>
   <BOUNDS type="Box" left="810" top="7890" width="1170" height="660">
   </BOUNDS>
   <PIN pinname="Input String" visible="0" slicecount="1" values="Pos">
   </PIN>
   <PIN pinname="Output String" visible="0">
   </PIN>
   <PIN pinname="Show Grid" slicecount="1" values="0">
   </PIN>
   <PIN pinname="String Type" slicecount="1" values="MultiLine">
   </PIN>
   <PIN pinname="Size" slicecount="1" values="16">
   </PIN>
   </NODE>
   <NODE nodename="IOBox (String)" componentmode="InABox" id="162" systemname="IOBox (String)">
   <BOUNDS type="Node" left="4650" top="7890" width="390" height="270">
   </BOUNDS>
   <BOUNDS type="Box" left="4650" top="7890" width="1170" height="660">
   </BOUNDS>
   <PIN pinname="Input String" visible="0" slicecount="1" values="Norm">
   </PIN>
   <PIN pinname="Output String" visible="0">
   </PIN>
   <PIN pinname="Show Grid" slicecount="1" values="0">
   </PIN>
   <PIN pinname="String Type" slicecount="1" values="MultiLine">
   </PIN>
   <PIN pinname="Size" slicecount="1" values="16">
   </PIN>
   </NODE>
   <NODE nodename="IOBox (String)" componentmode="InABox" id="163" systemname="IOBox (String)">
   <BOUNDS type="Node" left="7800" top="7890" width="390" height="270">
   </BOUNDS>
   <BOUNDS type="Box" left="7800" top="7890" width="1170" height="660">
   </BOUNDS>
   <PIN pinname="Input String" visible="0" slicecount="1" values="UV">
   </PIN>
   <PIN pinname="Output String" visible="0">
   </PIN>
   <PIN pinname="Show Grid" slicecount="1" values="0">
   </PIN>
   <PIN pinname="String Type" slicecount="1" values="MultiLine">
   </PIN>
   <PIN pinname="Size" slicecount="1" values="16">
   </PIN>
   </NODE>
   <NODE systemname="Switch (Value Input)" nodename="Switch (Value Input)" componentmode="Hidden" id="164">
   <BOUNDS type="Node" left="11805" top="7125" width="100" height="100">
   </BOUNDS>
   <PIN pinname="Input 2" visible="1">
   </PIN>
   <PIN pinname="Output" visible="1">
   </PIN>
   <PIN pinname="Switch" visible="1">
   </PIN>
   </NODE>
   <LINK srcnodeid="47" srcpinname="Output" dstnodeid="164" dstpinname="Input 2">
   </LINK>
   <LINK srcnodeid="145" srcpinname="Y Output Value" dstnodeid="164" dstpinname="Switch">
   </LINK>
   <NODE systemname="Add (String)" nodename="Add (String)" componentmode="Hidden" id="165">
   <BOUNDS type="Node" left="4920" top="13080" width="100" height="100">
   </BOUNDS>
   <PIN pinname="Input 1" visible="1" slicecount="1" values="o">
   </PIN>
   <PIN pinname="Intersperse" slicecount="1" values="Space">
   </PIN>
   <PIN pinname="Input 2" visible="1">
   </PIN>
   <PIN pinname="Output" visible="1">
   </PIN>
   </NODE>
   <LINK srcnodeid="111" srcpinname="Shortname" dstnodeid="165" dstpinname="Input 2">
   </LINK>
   <NODE systemname="Cons (String)" filename="%VVVV%\lib\nodes\plugins\VVVV.Nodes.dll" nodename="Cons (String)" componentmode="Hidden" id="166">
   <BOUNDS type="Node" left="4965" top="13680" width="100" height="100">
   </BOUNDS>
   <PIN pinname="Input 1" visible="1">
   </PIN>
   <PIN pinname="Input 2" visible="1" slicecount="9" values="|v 0.0000 0.0000 0.0000|,|v 0.0000 0.0000 0.0000|,|v 0.0000 0.0000 0.0000|,|vn 0.0000 0.0000 0.0000|,|vn 0.0000 0.0000 0.0000|,|vn 0.0000 0.0000 0.0000|,|vt 0.0000 1.0000 0|,|vt 0.0000 1.0000 0|,|vt 0.0000 1.0000 0|">
   </PIN>
   <PIN pinname="Output" visible="1">
   </PIN>
   </NODE>
   <LINK srcnodeid="165" srcpinname="Output" dstnodeid="166" dstpinname="Input 1">
   </LINK>
   <LINK srcnodeid="166" srcpinname="Output" dstnodeid="147" dstpinname="Input 1">
   </LINK>
   <NODE nodename="IOBox (Value Advanced)" componentmode="InABox" id="167" systemname="IOBox (Value Advanced)">
   <BOUNDS type="Box" left="11775" top="6300" width="480" height="480">
   </BOUNDS>
   <BOUNDS type="Node" left="11775" top="6300" width="0" height="0">
   </BOUNDS>
   <PIN pinname="Units" slicecount="1" values="||">
   </PIN>
   <PIN pinname="Precision" slicecount="1" values="4">
   </PIN>
   <PIN pinname="Value Type" slicecount="1" values="Boolean">
   </PIN>
   <PIN pinname="Behavior" slicecount="1" values="Toggle">
   </PIN>
   </NODE>
   <LINK srcnodeid="157" srcpinname="Output" dstnodeid="167" dstpinname="Y Input Value">
   </LINK>
   <NODE systemname="Zip (String Bin)" filename="%VVVV%\lib\nodes\plugins\VVVV.Nodes.dll" nodename="Zip (String Bin)" componentmode="Hidden" id="148">
   <BOUNDS type="Node" left="5610" top="13080" width="100" height="100">
   </BOUNDS>
   <PIN pinname="Input Count" slicecount="1" values="4">
   </PIN>
   <PIN pinname="Input 1" visible="1" slicecount="1" values="v0.0000">
   </PIN>
   <PIN pinname="Input 2" visible="1" slicecount="1" values="|vn 0.0000 0.0000 -0.0000|">
   </PIN>
   <PIN pinname="Input 3" visible="1" slicecount="1" values="|vt 0.0000 1.0000 0|">
   </PIN>
   <PIN pinname="Input 4" visible="1">
   </PIN>
   <PIN pinname="Input 4 Bin Size" visible="1" slicecount="64" values="0,0,0,0,0,0,0,0,0,0,0,0,0,0,0,0,0,0,0,0,0,0,0,0,0,0,0,0,0,0,0,0,0,0,0,0,0,0,0,0,0,0,0,0,0,0,0,0,0,0,0,0,0,0,0,0,0,0,0,0,0,0,0,0">
   </PIN>
   <PIN pinname="Input 3 Bin Size" visible="1" slicecount="64" values="0,0,0,0,0,0,0,0,0,0,0,0,0,0,0,0,0,0,0,0,0,0,0,0,0,0,0,0,0,0,0,0,0,0,0,0,0,0,0,0,0,0,0,0,0,0,0,0,0,0,0,0,0,0,0,0,0,0,0,0,0,0,0,0">
   </PIN>
   <PIN pinname="Input 2 Bin Size" visible="1" slicecount="64" values="0,0,0,0,0,0,0,0,0,0,0,0,0,0,0,0,0,0,0,0,0,0,0,0,0,0,0,0,0,0,0,0,0,0,0,0,0,0,0,0,0,0,0,0,0,0,0,0,0,0,0,0,0,0,0,0,0,0,0,0,0,0,0,0">
   </PIN>
   <PIN pinname="Input 1 Bin Size" visible="1" slicecount="64" values="0,0,0,0,0,0,0,0,0,0,0,0,0,0,0,0,0,0,0,0,0,0,0,0,0,0,0,0,0,0,0,0,0,0,0,0,0,0,0,0,0,0,0,0,0,0,0,0,0,0,0,0,0,0,0,0,0,0,0,0,0,0,0,0">
   </PIN>
   <PIN pinname="Output" visible="1">
   </PIN>
   </NODE>
   <LINK srcnodeid="29" srcpinname="Remainder" dstnodeid="148" dstpinname="Input 4">
   </LINK>
   <LINK srcnodeid="158" srcpinname="Y Output Value" dstnodeid="148" dstpinname="Input 1 Bin Size">
   </LINK>
   <LINK srcnodeid="158" srcpinname="Y Output Value" dstnodeid="148" dstpinname="Input 2 Bin Size">
   </LINK>
   <LINK srcnodeid="158" srcpinname="Y Output Value" dstnodeid="148" dstpinname="Input 3 Bin Size">
   </LINK>
   <LINK srcnodeid="159" srcpinname="Y Output Value" dstnodeid="148" dstpinname="Input 4 Bin Size">
   </LINK>
   <LINK srcnodeid="148" srcpinname="Output" dstnodeid="166" dstpinname="Input 2">
   </LINK>
   <NODE systemname="Zip (String Bin)" filename="%VVVV%\lib\nodes\plugins\VVVV.Nodes.dll" nodename="Zip (String Bin)" componentmode="Hidden" id="105">
   <BOUNDS type="Node" left="8910" top="13680" width="100" height="100">
   </BOUNDS>
   <PIN pinname="Input Count" slicecount="1" values="6">
   </PIN>
   <PIN pinname="Input 1 Bin Size" slicecount="1" visible="1" values="0">
   </PIN>
   <PIN pinname="Input 2 Bin Size" visible="1" slicecount="2" values="0,0">
   </PIN>
   <PIN pinname="Input 3 Bin Size" visible="1" slicecount="2" values="0,0">
   </PIN>
   <PIN pinname="Input 4 Bin Size" visible="1" slicecount="2" values="0,0">
   </PIN>
   <PIN pinname="Input 5 Bin Size" visible="1" slicecount="2" values="36,36">
   </PIN>
   <PIN pinname="Input 6 Bin Size" slicecount="1" visible="1" values="1">
   </PIN>
   <PIN pinname="Input 6" slicecount="1" visible="1" encoded="0" values="||">
   </PIN>
   <PIN pinname="Input 1" visible="1" slicecount="1" values="||">
   </PIN>
   <PIN pinname="Input 3" visible="1" slicecount="1" values="|vn 0.0000 0.0000 0.0000|">
   </PIN>
   <PIN pinname="Input 4" visible="1" slicecount="1" values="|vt 0.0000 1.0000 0|">
   </PIN>
   <PIN pinname="Input 5" visible="1" slicecount="1" values="||">
   </PIN>
   <PIN pinname="Output" visible="1">
   </PIN>
   </NODE>
   <LINK srcnodeid="29" srcpinname="Remainder" dstnodeid="105" dstpinname="Input 5">
   </LINK>
   <LINK srcnodeid="137" srcpinname="Output" dstnodeid="105" dstpinname="Input 6 Bin Size">
   </LINK>
   <LINK srcnodeid="25" srcpinname="Y Output Value" dstnodeid="105" dstpinname="Input 4 Bin Size">
   </LINK>
   <LINK srcnodeid="25" srcpinname="Y Output Value" dstnodeid="105" dstpinname="Input 3 Bin Size">
   </LINK>
   <LINK srcnodeid="25" srcpinname="Y Output Value" dstnodeid="105" dstpinname="Input 2 Bin Size">
   </LINK>
   <LINK srcnodeid="140" srcpinname="Output" dstnodeid="105" dstpinname="Input 5 Bin Size">
   </LINK>
   <LINK srcnodeid="103" srcpinname="Output" dstnodeid="105" dstpinname="Input 1">
   </LINK>
   <LINK srcnodeid="137" srcpinname="Output" dstnodeid="105" dstpinname="Input 1 Bin Size">
   </LINK>
   <LINK srcnodeid="105" srcpinname="Output" dstnodeid="147" dstpinname="Input 2">
   </LINK>
   <NODE id="81" systemname="Add (String)" nodename="Add (String)" componentmode="Hidden">
   <BOUNDS type="Node" left="135" top="7515" width="2415" height="270">
   </BOUNDS>
   <PIN pinname="Input" visible="1">
   </PIN>
   <PIN pinname="Intersperse" slicecount="1" values="Space">
   </PIN>
   <PIN pinname="Output" visible="1">
   </PIN>
   <PIN pinname="Input Count" slicecount="1" values="4">
   </PIN>
   <PIN pinname="Input 2" visible="1">
   </PIN>
   <PIN pinname="Input 3" visible="1">
   </PIN>
   <PIN pinname="Input 4" visible="1">
   </PIN>
   </NODE>
   <LINK srcnodeid="81" srcpinname="Output" dstnodeid="105" dstpinname="Input 2">
   </LINK>
   <LINK srcnodeid="81" srcpinname="Output" dstnodeid="148" dstpinname="Input 1">
   </LINK>
   <LINK srcnodeid="82" srcpinname="Output" dstnodeid="81" dstpinname="Input 4">
   </LINK>
   <LINK srcnodeid="83" srcpinname="Output" dstnodeid="81" dstpinname="Input 3">
   </LINK>
   <LINK srcnodeid="85" srcpinname="Output" dstnodeid="81" dstpinname="Input 2">
   </LINK>
   <LINK srcnodeid="80" srcpinname="Output String" dstnodeid="81" dstpinname="Input 1">
   </LINK>
   <NODE systemname="Add (String)" nodename="Add (String)" componentmode="Hidden" id="70">
   <BOUNDS type="Node" left="4050" top="7515" width="2415" height="270">
   </BOUNDS>
   <PIN pinname="Input" visible="1">
   </PIN>
   <PIN pinname="Intersperse" slicecount="1" values="Space">
   </PIN>
   <PIN pinname="Output" visible="1">
   </PIN>
   <PIN pinname="Input Count" slicecount="1" values="4">
   </PIN>
   <PIN pinname="Input 2" visible="1">
   </PIN>
   <PIN pinname="Input 3" visible="1">
   </PIN>
   <PIN pinname="Input 4" visible="1">
   </PIN>
   </NODE>
   <LINK srcnodeid="69" srcpinname="Output String" dstnodeid="70" dstpinname="Input 1">
   </LINK>
   <LINK srcnodeid="74" srcpinname="Output" dstnodeid="70" dstpinname="Input 2">
   </LINK>
   <LINK srcnodeid="72" srcpinname="Output" dstnodeid="70" dstpinname="Input 3">
   </LINK>
   <LINK srcnodeid="71" srcpinname="Output" dstnodeid="70" dstpinname="Input 4">
   </LINK>
   <LINK srcnodeid="70" srcpinname="Output" dstnodeid="148" dstpinname="Input 2">
   </LINK>
   <LINK srcnodeid="70" srcpinname="Output" dstnodeid="105" dstpinname="Input 3">
   </LINK>
   <NODE systemname="Add (String)" nodename="Add (String)" componentmode="Hidden" id="77">
   <BOUNDS type="Node" left="7365" top="7515" width="2415" height="270">
   </BOUNDS>
   <PIN pinname="Input" visible="1">
   </PIN>
   <PIN pinname="Intersperse" slicecount="1" values="Space">
   </PIN>
   <PIN pinname="Output" visible="1">
   </PIN>
   <PIN pinname="Input Count" slicecount="1" values="4">
   </PIN>
   <PIN pinname="Input 2" visible="1">
   </PIN>
   <PIN pinname="Input 3" visible="1">
   </PIN>
   <PIN pinname="Input 4" visible="1" slicecount="1" values="0">
   </PIN>
   </NODE>
   <LINK srcnodeid="76" srcpinname="Output String" dstnodeid="77" dstpinname="Input 1">
   </LINK>
   <LINK srcnodeid="79" srcpinname="Output" dstnodeid="77" dstpinname="Input 2">
   </LINK>
   <LINK srcnodeid="78" srcpinname="Output" dstnodeid="77" dstpinname="Input 3">
   </LINK>
   <LINK srcnodeid="44" srcpinname="Output String" dstnodeid="77" dstpinname="Input 4">
   </LINK>
   <LINK srcnodeid="77" srcpinname="Output" dstnodeid="148" dstpinname="Input 3">
   </LINK>
   <LINK srcnodeid="77" srcpinname="Output" dstnodeid="105" dstpinname="Input 4">
   </LINK>
   <NODE systemname="Add (String)" nodename="Add (String)" componentmode="Hidden" id="53">
   <BOUNDS type="Node" left="11475" top="9225" width="2415" height="270">
   </BOUNDS>
   <PIN pinname="Input" visible="1">
   </PIN>
   <PIN pinname="Intersperse" slicecount="1" values="Space">
   </PIN>
   <PIN pinname="Output" visible="1">
   </PIN>
   <PIN pinname="Input Count" slicecount="1" values="4">
   </PIN>
   <PIN pinname="Input 2" visible="1">
   </PIN>
   <PIN pinname="Input 3" visible="1">
   </PIN>
   <PIN pinname="Input 4" visible="1">
   </PIN>
   <PIN pinname="Input 1" visible="1">
   </PIN>
   </NODE>
   <LINK srcnodeid="90" srcpinname="Output String" dstnodeid="53" dstpinname="Input 1">
   </LINK>
   <LINK srcnodeid="36" srcpinname="Output" dstnodeid="53" dstpinname="Input 2">
   </LINK>
   <LINK srcnodeid="35" srcpinname="Output" dstnodeid="53" dstpinname="Input 3">
   </LINK>
   <LINK srcnodeid="34" srcpinname="Output" dstnodeid="53" dstpinname="Input 4">
   </LINK>
   <LINK srcnodeid="53" srcpinname="Output" dstnodeid="29" dstpinname="Input">
   </LINK>
   <NODE systemname="Vector (3d Split)" nodename="Vector (3d Split)" componentmode="Hidden" id="56">
   <BOUNDS type="Node" left="12480" top="7425" width="1800" height="270">
   </BOUNDS>
   <PIN pinname="X" visible="1">
   </PIN>
   <PIN pinname="Y" visible="1">
   </PIN>
   <PIN pinname="Z" visible="1">
   </PIN>
   </NODE>
   <LINK srcnodeid="56" srcpinname="Y" dstnodeid="55" dstpinname="Input">
   </LINK>
   <LINK srcnodeid="56" srcpinname="Z" dstnodeid="57" dstpinname="Input">
   </LINK>
   <LINK srcnodeid="56" srcpinname="X" dstnodeid="54" dstpinname="Input">
   </LINK>
   <LINK srcnodeid="164" srcpinname="Output" dstnodeid="56" dstpinname="XYZ">
   </LINK>
   <PACK Name="vvvv-ZeroMQ_Release_x64" Version="0.5.0">
   </PACK>
   <LINK srcnodeid="145" srcpinname="Y Output Value" dstnodeid="160" dstpinname="Input 1">
   </LINK>
   <NODE systemname="FrameDelay (String)" filename="%VVVV%\lib\nodes\plugins\VVVV.Nodes.dll" nodename="FrameDelay (String)" componentmode="Hidden" id="171">
   <BOUNDS type="Node" left="1440" top="11085" width="100" height="100">
   </BOUNDS>
   <PIN pinname="Input 1" visible="1" slicecount="1" values="0">
   </PIN>
   <PIN pinname="Output 1" visible="1">
   </PIN>
   </NODE>
   <LINK srcnodeid="28" srcpinname="Output" dstnodeid="171" dstpinname="Input 1">
   </LINK>
   <LINK srcnodeid="171" srcpinname="Output 1" dstnodeid="93" dstpinname="Filename">
   </LINK>
   <NODE nodename="IOBox (String)" componentmode="InABox" id="172" systemname="IOBox (String)">
   <BOUNDS type="Node" left="15285" top="9765" width="390" height="270">
   </BOUNDS>
   <BOUNDS type="Box" left="15285" top="9765" width="2040" height="495">
   </BOUNDS>
   <PIN pinname="Input String" visible="0" slicecount="1" values="Instances">
   </PIN>
   <PIN pinname="Output String" visible="0">
   </PIN>
   <PIN pinname="Show Grid" slicecount="1" values="0">
   </PIN>
   <PIN pinname="String Type" slicecount="1" values="MultiLine">
   </PIN>
   <PIN pinname="Size" slicecount="1" values="16">
   </PIN>
   </NODE>
   <PACK Name="VVVV.Packs" Version="0.2.0">
   </PACK>
   <NODE nodename="IOBox (String)" componentmode="InABox" id="173">
   <BOUNDS type="Node" left="495" top="14895" width="1440" height="270">
   </BOUNDS>
   <BOUNDS type="Box" left="495" top="14895" width="1440" height="270">
   </BOUNDS>
   <PIN pinname="Input String" visible="0" slicecount="1" values="|Changed for b35??|">
   </PIN>
   <PIN pinname="Output String" visible="0">
   </PIN>
   <PIN pinname="Show Grid" slicecount="1" values="0">
   </PIN>
   <PIN pinname="String Type" slicecount="1" values="MultiLine">
   </PIN>
   </NODE>
   <PACK Name="vvvv-Message" Version="2.9.0">
   </PACK>
   <PACK Name="vvvv-ZeroMQ" Version="0.5.3">
   </PACK>
   <NODE nodename="IOBox (Value Advanced)" componentmode="InABox" id="174">
   <BOUNDS type="Box" left="3780" top="570" width="795" height="240">
   </BOUNDS>
   <BOUNDS type="Node" left="3780" top="570" width="0" height="0">
   </BOUNDS>
   <PIN pinname="Y Input Value" slicecount="1" visible="1" values="0">
   </PIN>
   <PIN pinname="Units" slicecount="1" values="||">
   </PIN>
   <PIN pinname="Precision" slicecount="1" values="4">
   </PIN>
   <PIN pinname="Value Type" slicecount="1" values="Integer">
   </PIN>
   <PIN pinname="Descriptive Name" slicecount="1" values="|Vertex Count|">
   </PIN>
   </NODE>
   <PACK Name="dx11" Version="1.0.2">
   </PACK>
   <LINK srcnodeid="87" srcpinname="Y Output Value" dstnodeid="145" dstpinname="Y Input Value">
   </LINK>
   <LINK srcnodeid="87" srcpinname="Y Output Value" dstnodeid="93" dstpinname="Write">
   </LINK>
   <NODE systemname="PassThrough (DX11.GeomFX)" filename="%VVVV%\packs\InstanceNoodles\nodes\modules\DX11.GeomFX\PassThrough (DX11.GeomFX)\PassThrough (DX11.GeomFX).v4p" nodename="PassThrough (DX11.GeomFX)" componentmode="Hidden" id="122">
   <BOUNDS type="Node" left="1605" top="2070" width="100" height="100">
   </BOUNDS>
   <PIN pinname="Buffer Out" visible="1">
   </PIN>
   <PIN pinname="Geometry In" visible="1">
   </PIN>
   <PIN pinname="Geometry Out" visible="1">
   </PIN>
   <PIN pinname="Max Elements" visible="1" slicecount="1" values="0">
   </PIN>
   <PIN pinname="Enabled" visible="1" slicecount="1" values="1">
   </PIN>
   <BOUNDS type="Window" left="16155" top="7365" width="9015" height="7185">
   </BOUNDS>
   </NODE>
   <LINK srcnodeid="122" srcpinname="Max Elements" dstnodeid="152" dstpinname=".. To [">
   </LINK>
   <LINK srcnodeid="174" srcpinname="Y Output Value" dstnodeid="122" dstpinname="Max Elements">
   </LINK>
   <LINK srcnodeid="122" srcpinname="Buffer Out" dstnodeid="125" dstpinname="Input">
   </LINK>
   <LINK srcnodeid="0" srcpinname="Output Node" dstnodeid="122" dstpinname="Geometry In">
   </LINK>
   <NODE systemname="DepthOnly (DX11.Layer)" filename="%VVVV%\packs\dx11\nodes\plugins\base\VVVV.DX11.Nodes.dll" nodename="DepthOnly (DX11.Layer)" componentmode="Hidden" id="176">
   <BOUNDS type="Node" left="3945" top="2265" width="100" height="100">
   </BOUNDS>
   <BOUNDS type="Box" left="3945" top="2265" width="3000" height="3000">
   </BOUNDS>
   <PIN pinname="Layer In" visible="1">
   </PIN>
   <PIN pinname="Layer Out" visible="1">
   </PIN>
   </NODE>
   <NODE systemname="Constant (DX11.Effect)" filename="%VVVV%\packs\dx11\nodes\dx11\Constant.fx" nodename="Constant (DX11.Effect)" componentmode="Hidden" id="177">
   <BOUNDS type="Node" left="3495" top="1425" width="100" height="100">
   </BOUNDS>
   <PIN pinname="Geometry" visible="1">
   </PIN>
   <PIN pinname="Layout Message" visible="1">
   </PIN>
   <PIN pinname="Layer" visible="1">
   </PIN>
   </NODE>
   <LINK srcnodeid="122" srcpinname="Geometry Out" dstnodeid="177" dstpinname="Geometry">
   </LINK>
   <NODE nodename="IOBox (String)" componentmode="InABox" id="178">
   <BOUNDS type="Box" left="4275" top="1875" width="795" height="240">
   </BOUNDS>
   <BOUNDS type="Node" left="4275" top="1875" width="0" height="0">
   </BOUNDS>
   <PIN pinname="Default" slicecount="1" values="||">
   </PIN>
   <PIN pinname="File Mask" slicecount="1" values="||">
   </PIN>
   <PIN pinname="Maximum Characters" slicecount="1" values="-1">
   </PIN>
   </NODE>
   <LINK srcnodeid="177" srcpinname="Layout Message" dstnodeid="178" dstpinname="Input String">
   </LINK>
   <NODE systemname="Renderer (DX11)" filename="%VVVV%\packs\dx11\nodes\plugins\base\VVVV.DX11.Nodes.dll" nodename="Renderer (DX11)" componentmode="Hidden" id="180">
   <BOUNDS type="Node" left="3765" top="2700" width="100" height="100">
   </BOUNDS>
   <BOUNDS type="Box" left="3765" top="2700" width="6000" height="4500">
   </BOUNDS>
   <BOUNDS type="Window" left="14535" top="9720" width="480" height="585">
   </BOUNDS>
   <PIN pinname="Layers" visible="1">
   </PIN>
   </NODE>
   <LINK srcnodeid="177" srcpinname="Layer" dstnodeid="176" dstpinname="Layer In">
   </LINK>
   <LINK srcnodeid="176" srcpinname="Layer Out" dstnodeid="180" dstpinname="Layers">
   </LINK>
   <NODE nodename="IOBox (String)" componentmode="InABox" id="181">
   <BOUNDS type="Node" left="5010" top="2265" width="1500" height="270">
   </BOUNDS>
   <BOUNDS type="Box" left="5010" top="2265" width="1500" height="270">
   </BOUNDS>
   <PIN pinname="Input String" visible="0" slicecount="1" values="|Force Verts to load|">
   </PIN>
   <PIN pinname="Output String" visible="0">
   </PIN>
   <PIN pinname="Show Grid" slicecount="1" values="0">
   </PIN>
   <PIN pinname="String Type" slicecount="1" values="MultiLine">
   </PIN>
   </NODE>
   </PATCH>